date,windturbines_mw
2011-01-01,518229.0
2011-01-02,83077.0
2011-01-03,73095.0
2011-01-04,376606.0
2011-01-05,216599.0
2011-01-06,224738.0
2011-01-07,202544.0
2011-01-08,16557.0
2011-01-09,22913.0
2011-01-10,15518.0
2011-01-11,105100.0
2011-01-12,357085.0
2011-01-13,167369.0
2011-01-14,360219.0
2011-01-15,397129.0
2011-01-16,299042.0
2011-01-17,171133.0
2011-01-18,175946.0
2011-01-19,70275.0
2011-01-20,60574.0
2011-01-21,46772.0
2011-01-22,41760.0
2011-01-23,58551.0
2011-01-24,100626.0
2011-01-25,298903.0
2011-01-26,93853.0
2011-01-27,69897.0
2011-01-28,67752.0
2011-01-29,42867.0
2011-01-30,9603.0
2011-01-31,9203.0
2011-02-01,212079.0
2011-02-02,259000.0
2011-02-03,146157.0
2011-02-04,70694.0
2011-02-05,202162.0
2011-02-06,92388.0
2011-02-07,466995.0
2011-02-08,37552.0
2011-02-09,11246.0
2011-02-10,15637.0
2011-02-11,65153.0
2011-02-12,398658.0
2011-02-13,193488.0
2011-02-14,363374.0
2011-02-15,396518.0
2011-02-16,194963.0
2011-02-17,99463.0
2011-02-18,38556.0
2011-02-19,93701.0
2011-02-20,156965.0
2011-02-21,120412.0
2011-02-22,61240.0
2011-02-23,76154.0
2011-02-24,152000.0
2011-02-25,157628.0
2011-02-26,236622.0
2011-02-27,136521.0
2011-02-28,46944.0
2011-03-01,75372.0
2011-03-02,438847.0
2011-03-03,72419.0
2011-03-04,129268.0
2011-03-05,105942.0
2011-03-06,81956.0
2011-03-07,467046.0
2011-03-08,96068.0
2011-03-09,48414.0
2011-03-10,88442.0
2011-03-11,127656.0
2011-03-12,592749.0
2011-03-13,56571.0
2011-03-14,13917.0
2011-03-15,192384.0
2011-03-16,351209.0
2011-03-17,198638.0
2011-03-18,227317.0
2011-03-19,106921.0
2011-03-20,34839.0
2011-03-21,69725.0
2011-03-22,139455.0
2011-03-23,145588.0
2011-03-24,292710.0
2011-03-25,199561.0
2011-03-26,86761.0
2011-03-27,21446.0
2011-03-28,141428.0
2011-03-29,55616.0
2011-03-30,32550.0
2011-03-31,258100.0
2011-04-01,94341.0
2011-04-02,801520.0
2011-04-03,28588.0
2011-04-04,132702.0
2011-04-05,86796.0
2011-04-06,71228.0
2011-04-07,164225.0
2011-04-08,54753.0
2011-04-09,86684.0
2011-04-10,234286.0
2011-04-11,131223.0
2011-04-12,496391.0
2011-04-13,581597.0
2011-04-14,87115.0
2011-04-15,18725.0
2011-04-16,22584.0
2011-04-17,31306.0
2011-04-18,20091.0
2011-04-19,69442.0
2011-04-20,60084.0
2011-04-21,40137.0
2011-04-22,114739.0
2011-04-23,230876.0
2011-04-24,142379.0
2011-04-25,98792.0
2011-04-26,52937.0
2011-04-27,46118.0
2011-04-28,146989.0
2011-04-29,311718.0
2011-04-30,337011.0
2011-05-01,235605.0
2011-05-02,859007.0
2011-05-03,216696.0
2011-05-04,195825.0
2011-05-05,36624.0
2011-05-06,134747.0
2011-05-07,19906.0
2011-05-08,43125.0
2011-05-09,117870.0
2011-05-10,198835.0
2011-05-11,130653.0
2011-05-12,485816.0
2011-05-13,134115.0
2011-05-14,94858.0
2011-05-15,161044.0
2011-05-16,284343.0
2011-05-17,242294.0
2011-05-18,47974.0
2011-05-19,51937.0
2011-05-20,19652.0
2011-05-21,43193.0
2011-05-22,183254.0
2011-05-23,103953.0
2011-05-24,282127.0
2011-05-25,127849.0
2011-05-26,290719.0
2011-05-27,265947.0
2011-05-28,96796.0
2011-05-29,180512.0
2011-05-30,117986.0
2011-05-31,187603.0
2011-06-01,471783.0
2011-06-02,589026.0
2011-06-03,129440.0
2011-06-04,286274.0
2011-06-05,90936.0
2011-06-06,97872.0
2011-06-07,48024.0
2011-06-08,63770.0
2011-06-09,287755.0
2011-06-10,423383.0
2011-06-11,60957.0
2011-06-12,438590.0
2011-06-13,60886.0
2011-06-14,64345.0
2011-06-15,19784.0
2011-06-16,76897.0
2011-06-17,206522.0
2011-06-18,240277.0
2011-06-19,443539.0
2011-06-20,302366.0
2011-06-21,93793.0
2011-06-22,115010.0
2011-06-23,241921.0
2011-06-24,183499.0
2011-06-25,142592.0
2011-06-26,32842.0
2011-06-27,30725.0
2011-06-28,94580.0
2011-06-29,72733.0
2011-06-30,258087.0
2011-07-01,286867.0
2011-07-02,505688.0
2011-07-03,78897.0
2011-07-04,601303.0
2011-07-05,169823.0
2011-07-06,38508.0
2011-07-07,42644.0
2011-07-08,148191.0
2011-07-09,432537.0
2011-07-10,234143.0
2011-07-11,87311.0
2011-07-12,499155.0
2011-07-13,143559.0
2011-07-14,347869.0
2011-07-15,430699.0
2011-07-16,92564.0
2011-07-17,272287.0
2011-07-18,194991.0
2011-07-19,60036.0
2011-07-20,222751.0
2011-07-21,270853.0
2011-07-22,581295.0
2011-07-23,460298.0
2011-07-24,381741.0
2011-07-25,70818.0
2011-07-26,12024.0
2011-07-27,25560.0
2011-07-28,57653.0
2011-07-29,288847.0
2011-07-30,408203.0
2011-07-31,161681.0
2011-08-01,433966.0
2011-08-02,574275.0
2011-08-03,240197.0
2011-08-04,672100.0
2011-08-05,210704.0
2011-08-06,199173.0
2011-08-07,111881.0
2011-08-08,276608.0
2011-08-09,326230.0
2011-08-10,383597.0
2011-08-11,71438.0
2011-08-12,547395.0
2011-08-13,21763.0
2011-08-14,96692.0
2011-08-15,78129.0
2011-08-16,16981.0
2011-08-17,29078.0
2011-08-18,39301.0
2011-08-19,315158.0
2011-08-20,96416.0
2011-08-21,77198.0
2011-08-22,111799.0
2011-08-23,144471.0
2011-08-24,63176.0
2011-08-25,41147.0
2011-08-26,184980.0
2011-08-27,214732.0
2011-08-28,193948.0
2011-08-29,239121.0
2011-08-30,217692.0
2011-08-31,60776.0
2011-09-01,296240.0
2011-09-02,107463.0
2011-09-03,410302.0
2011-09-04,354562.0
2011-09-05,181839.0
2011-09-06,217474.0
2011-09-07,85604.0
2011-09-08,520934.0
2011-09-09,81471.0
2011-09-10,152243.0
2011-09-11,23552.0
2011-09-12,672142.0
2011-09-13,366249.0
2011-09-14,376519.0
2011-09-15,277519.0
2011-09-16,52837.0
2011-09-17,103330.0
2011-09-18,76931.0
2011-09-19,53089.0
2011-09-20,62522.0
2011-09-21,70984.0
2011-09-22,191554.0
2011-09-23,77798.0
2011-09-24,23884.0
2011-09-25,31031.0
2011-09-26,30532.0
2011-09-27,19341.0
2011-09-28,9899.0
2011-09-29,18108.0
2011-09-30,20532.0
2011-10-01,98837.0
2011-10-02,215779.0
2011-10-03,456334.0
2011-10-04,107643.0
2011-10-05,70157.0
2011-10-06,46239.0
2011-10-07,43690.0
2011-10-08,347020.0
2011-10-09,42298.0
2011-10-10,419064.0
2011-10-11,115129.0
2011-10-12,430096.0
2011-10-13,96489.0
2011-10-14,20460.0
2011-10-15,46147.0
2011-10-16,146681.0
2011-10-17,109552.0
2011-10-18,345339.0
2011-10-19,313961.0
2011-10-20,235524.0
2011-10-21,86909.0
2011-10-22,88913.0
2011-10-23,161037.0
2011-10-24,369166.0
2011-10-25,359493.0
2011-10-26,95154.0
2011-10-27,49896.0
2011-10-28,43536.0
2011-10-29,32998.0
2011-10-30,86009.0
2011-10-31,37809.0
2011-11-01,183018.0
2011-11-02,345563.0
2011-11-03,406069.0
2011-11-04,73158.0
2011-11-05,43014.0
2011-11-06,43269.0
2011-11-07,33161.0
2011-11-08,340607.0
2011-11-09,132488.0
2011-11-10,431937.0
2011-11-11,249434.0
2011-11-12,245100.0
2011-11-13,24309.0
2011-11-14,12289.0
2011-11-15,9412.0
2011-11-16,40030.0
2011-11-17,41832.0
2011-11-18,18596.0
2011-11-19,15404.0
2011-11-20,22346.0
2011-11-21,59181.0
2011-11-22,62595.0
2011-11-23,28371.0
2011-11-24,107765.0
2011-11-25,318328.0
2011-11-26,518460.0
2011-11-27,722989.0
2011-11-28,256734.0
2011-11-29,241505.0
2011-11-30,275372.0
2011-12-01,362239.0
2011-12-02,141579.0
2011-12-03,123433.0
2011-12-04,572693.0
2011-12-05,51744.0
2011-12-06,15330.0
2011-12-07,44776.0
2011-12-08,135664.0
2011-12-09,302299.0
2011-12-10,227115.0
2011-12-11,137728.0
2011-12-12,344012.0
2011-12-13,594501.0
2011-12-14,459749.0
2011-12-15,418149.0
2011-12-16,585366.0
2011-12-17,673524.0
2011-12-18,482500.0
2011-12-19,316000.0
2011-12-20,247748.0
2011-12-21,249163.0
2011-12-22,67849.0
2011-12-23,184579.0
2011-12-24,428603.0
2011-12-25,463700.0
2011-12-26,459529.0
2011-12-27,262634.0
2011-12-28,227109.0
2011-12-29,662753.0
2011-12-30,419511.0
2011-12-31,117981.0
2012-01-01,281094.0
2012-01-02,301460.0
2012-01-03,143772.0
2012-01-04,454667.0
2012-01-05,163037.0
2012-01-06,440451.0
2012-01-07,108278.0
2012-01-08,50392.0
2012-01-09,54118.0
2012-01-10,59831.0
2012-01-11,330491.0
2012-01-12,141957.0
2012-01-13,803015.0
2012-01-14,473564.0
2012-01-15,95815.0
2012-01-16,110649.0
2012-01-17,173439.0
2012-01-18,328353.0
2012-01-19,495064.0
2012-01-20,423417.0
2012-01-21,488999.0
2012-01-22,732799.0
2012-01-23,186445.0
2012-01-24,29342.0
2012-01-25,14655.0
2012-01-26,216065.0
2012-01-27,184862.0
2012-01-28,30661.0
2012-01-29,161897.0
2012-01-30,341542.0
2012-01-31,332985.0
2012-02-01,361649.0
2012-02-02,79253.0
2012-02-03,85577.0
2012-02-04,453659.0
2012-02-05,141089.0
2012-02-06,288880.0
2012-02-07,47741.0
2012-02-08,146116.0
2012-02-09,21693.0
2012-02-10,103913.0
2012-02-11,395619.0
2012-02-12,97867.0
2012-02-13,38420.0
2012-02-14,190669.0
2012-02-15,783691.0
2012-02-16,208598.0
2012-02-17,436473.0
2012-02-18,320234.0
2012-02-19,517179.0
2012-02-20,277818.0
2012-02-21,538762.0
2012-02-22,429747.0
2012-02-23,704878.0
2012-02-24,772397.0
2012-02-25,709225.0
2012-02-26,248957.0
2012-02-27,113557.0
2012-02-28,529206.0
2012-02-29,194613.0
2012-03-01,711315.0
2012-03-02,30785.0
2012-03-03,160152.0
2012-03-04,63751.0
2012-03-05,72869.0
2012-03-06,52975.0
2012-03-07,20997.0
2012-03-08,24725.0
2012-03-09,19632.0
2012-03-10,256643.0
2012-03-11,279936.0
2012-03-12,161675.0
2012-03-13,276562.0
2012-03-14,182035.0
2012-03-15,36676.0
2012-03-16,121618.0
2012-03-17,119258.0
2012-03-18,196400.0
2012-03-19,370101.0
2012-03-20,261746.0
2012-03-21,120375.0
2012-03-22,32916.0
2012-03-23,14071.0
2012-03-24,43686.0
2012-03-25,94216.0
2012-03-26,28935.0
2012-03-27,206512.0
2012-03-28,395085.0
2012-03-29,720096.0
2012-03-30,665493.0
2012-03-31,773119.0
2012-04-01,834163.0
2012-04-02,19065.0
2012-04-03,170237.0
2012-04-04,187928.0
2012-04-05,103667.0
2012-04-06,40792.0
2012-04-07,24148.0
2012-04-08,20942.0
2012-04-09,20350.0
2012-04-10,443373.0
2012-04-11,209967.0
2012-04-12,448754.0
2012-04-13,66023.0
2012-04-14,50292.0
2012-04-15,219104.0
2012-04-16,375273.0
2012-04-17,150216.0
2012-04-18,218002.0
2012-04-19,116791.0
2012-04-20,54378.0
2012-04-21,155106.0
2012-04-22,131777.0
2012-04-23,129475.0
2012-04-24,132071.0
2012-04-25,229395.0
2012-04-26,335186.0
2012-04-27,104563.0
2012-04-28,120307.0
2012-04-29,211071.0
2012-04-30,188179.0
2012-05-01,879265.0
2012-05-02,50107.0
2012-05-03,242701.0
2012-05-04,69533.0
2012-05-05,70503.0
2012-05-06,184568.0
2012-05-07,72754.0
2012-05-08,22485.0
2012-05-09,81023.0
2012-05-10,527761.0
2012-05-11,321007.0
2012-05-12,205245.0
2012-05-13,96800.0
2012-05-14,112225.0
2012-05-15,190988.0
2012-05-16,297510.0
2012-05-17,217502.0
2012-05-18,192388.0
2012-05-19,87228.0
2012-05-20,150117.0
2012-05-21,232594.0
2012-05-22,146005.0
2012-05-23,170786.0
2012-05-24,257678.0
2012-05-25,148633.0
2012-05-26,68638.0
2012-05-27,29579.0
2012-05-28,44332.0
2012-05-29,248396.0
2012-05-30,115416.0
2012-05-31,50922.0
2012-06-01,538232.0
2012-06-02,30859.0
2012-06-03,112077.0
2012-06-04,72628.0
2012-06-05,31839.0
2012-06-06,61512.0
2012-06-07,33056.0
2012-06-08,173225.0
2012-06-09,165587.0
2012-06-10,330221.0
2012-06-11,398208.0
2012-06-12,302627.0
2012-06-13,106389.0
2012-06-14,30558.0
2012-06-15,80587.0
2012-06-16,143041.0
2012-06-17,159666.0
2012-06-18,260965.0
2012-06-19,50107.0
2012-06-20,87413.0
2012-06-21,68995.0
2012-06-22,144296.0
2012-06-23,155170.0
2012-06-24,240593.0
2012-06-25,505171.0
2012-06-26,409371.0
2012-06-27,102673.0
2012-06-28,31180.0
2012-06-29,115355.0
2012-06-30,29317.0
2012-07-01,598947.0
2012-07-02,101418.0
2012-07-03,176927.0
2012-07-04,392986.0
2012-07-05,7513.0
2012-07-06,41558.0
2012-07-07,19304.0
2012-07-08,351538.0
2012-07-09,278952.0
2012-07-10,278656.0
2012-07-11,674901.0
2012-07-12,130598.0
2012-07-13,156527.0
2012-07-14,286170.0
2012-07-15,148362.0
2012-07-16,258734.0
2012-07-17,249988.0
2012-07-18,191981.0
2012-07-19,367747.0
2012-07-20,259451.0
2012-07-21,131890.0
2012-07-22,61294.0
2012-07-23,43319.0
2012-07-24,110301.0
2012-07-25,47079.0
2012-07-26,43741.0
2012-07-27,59685.0
2012-07-28,139934.0
2012-07-29,88399.0
2012-07-30,110421.0
2012-07-31,41727.0
2012-08-01,369588.0
2012-08-02,76693.0
2012-08-03,265755.0
2012-08-04,103353.0
2012-08-05,100485.0
2012-08-06,206871.0
2012-08-07,81040.0
2012-08-08,163537.0
2012-08-09,126692.0
2012-08-10,237468.0
2012-08-11,464892.0
2012-08-12,78810.0
2012-08-13,96894.0
2012-08-14,62549.0
2012-08-15,63379.0
2012-08-16,49034.0
2012-08-17,9164.0
2012-08-18,72964.0
2012-08-19,103844.0
2012-08-20,122901.0
2012-08-21,41175.0
2012-08-22,219226.0
2012-08-23,96200.0
2012-08-24,30592.0
2012-08-25,115897.0
2012-08-26,371699.0
2012-08-27,160131.0
2012-08-28,101670.0
2012-08-29,45503.0
2012-08-30,80487.0
2012-08-31,39781.0
2012-09-01,204242.0
2012-09-02,235523.0
2012-09-03,175517.0
2012-09-04,338730.0
2012-09-05,200759.0
2012-09-06,240717.0
2012-09-07,245020.0
2012-09-08,83182.0
2012-09-09,86110.0
2012-09-10,343483.0
2012-09-11,150644.0
2012-09-12,439143.0
2012-09-13,44990.0
2012-09-14,404308.0
2012-09-15,284556.0
2012-09-16,100879.0
2012-09-17,110039.0
2012-09-18,139027.0
2012-09-19,192225.0
2012-09-20,132311.0
2012-09-21,134576.0
2012-09-22,339752.0
2012-09-23,117941.0
2012-09-24,292132.0
2012-09-25,232371.0
2012-09-26,93750.0
2012-09-27,218391.0
2012-09-28,227190.0
2012-09-29,217347.0
2012-09-30,169378.0
2012-10-01,415970.0
2012-10-02,43158.0
2012-10-03,438325.0
2012-10-04,342901.0
2012-10-05,200054.0
2012-10-06,53163.0
2012-10-07,93819.0
2012-10-08,90373.0
2012-10-09,136460.0
2012-10-10,156050.0
2012-10-11,245660.0
2012-10-12,211839.0
2012-10-13,269104.0
2012-10-14,205616.0
2012-10-15,199937.0
2012-10-16,204890.0
2012-10-17,251829.0
2012-10-18,250257.0
2012-10-19,146307.0
2012-10-20,42722.0
2012-10-21,57347.0
2012-10-22,44035.0
2012-10-23,12660.0
2012-10-24,1832.0
2012-10-25,231892.0
2012-10-26,139702.0
2012-10-27,185799.0
2012-10-28,64814.0
2012-10-29,233520.0
2012-10-30,176278.0
2012-10-31,179878.0
2012-11-01,353114.0
2012-11-02,14572.0
2012-11-03,450245.0
2012-11-04,121429.0
2012-11-05,331478.0
2012-11-06,12311.0
2012-11-07,135417.0
2012-11-08,47966.0
2012-11-09,161759.0
2012-11-10,53122.0
2012-11-11,147644.0
2012-11-12,307307.0
2012-11-13,82447.0
2012-11-14,70665.0
2012-11-15,20746.0
2012-11-16,16690.0
2012-11-17,98808.0
2012-11-18,62988.0
2012-11-19,44303.0
2012-11-20,49834.0
2012-11-21,169833.0
2012-11-22,191928.0
2012-11-23,187835.0
2012-11-24,41918.0
2012-11-25,437681.0
2012-11-26,241884.0
2012-11-27,67222.0
2012-11-28,45311.0
2012-11-29,375395.0
2012-11-30,153671.0
2012-12-01,774294.0
2012-12-02,108942.0
2012-12-03,400829.0
2012-12-04,31369.0
2012-12-05,457200.0
2012-12-06,33051.0
2012-12-07,260475.0
2012-12-08,84673.0
2012-12-09,70587.0
2012-12-10,189434.0
2012-12-11,125202.0
2012-12-12,70960.0
2012-12-13,80449.0
2012-12-14,258038.0
2012-12-15,306444.0
2012-12-16,164764.0
2012-12-17,47425.0
2012-12-18,24219.0
2012-12-19,12680.0
2012-12-20,160487.0
2012-12-21,155550.0
2012-12-22,123951.0
2012-12-23,312442.0
2012-12-24,328967.0
2012-12-25,544605.0
2012-12-26,519274.0
2012-12-27,522850.0
2012-12-28,200567.0
2012-12-29,420844.0
2012-12-30,604811.0
2012-12-31,659237.0
2013-01-01,488985.0
2013-01-02,404620.0
2013-01-03,199476.0
2013-01-04,68686.0
2013-01-05,83074.0
2013-01-06,339189.0
2013-01-07,166639.0
2013-01-08,39036.0
2013-01-09,319967.0
2013-01-10,205792.0
2013-01-11,291509.0
2013-01-12,458009.0
2013-01-13,40283.0
2013-01-14,69978.0
2013-01-15,21338.0
2013-01-16,25722.0
2013-01-17,99949.0
2013-01-18,120910.0
2013-01-19,154881.0
2013-01-20,143250.0
2013-01-21,281555.0
2013-01-22,64052.0
2013-01-23,8809.0
2013-01-24,16521.0
2013-01-25,40700.0
2013-01-26,255194.0
2013-01-27,287309.0
2013-01-28,287045.0
2013-01-29,551166.0
2013-01-30,702845.0
2013-01-31,844970.0
2013-02-01,416752.0
2013-02-02,263275.0
2013-02-03,225118.0
2013-02-04,135352.0
2013-02-05,93299.0
2013-02-06,658672.0
2013-02-07,48987.0
2013-02-08,103348.0
2013-02-09,652406.0
2013-02-10,218311.0
2013-02-11,236690.0
2013-02-12,58478.0
2013-02-13,19005.0
2013-02-14,61882.0
2013-02-15,42432.0
2013-02-16,5495.0
2013-02-17,2315.0
2013-02-18,56066.0
2013-02-19,341598.0
2013-02-20,263848.0
2013-02-21,107867.0
2013-02-22,212490.0
2013-02-23,405664.0
2013-02-24,141823.0
2013-02-25,141435.0
2013-02-26,63074.0
2013-02-27,9595.0
2013-02-28,125283.0
2013-03-01,723848.0
2013-03-02,304893.0
2013-03-03,278210.0
2013-03-04,239759.0
2013-03-05,72764.0
2013-03-06,402391.0
2013-03-07,152669.0
2013-03-08,161362.0
2013-03-09,251226.0
2013-03-10,432023.0
2013-03-11,471026.0
2013-03-12,78892.0
2013-03-13,10036.0
2013-03-14,15607.0
2013-03-15,22482.0
2013-03-16,266356.0
2013-03-17,608132.0
2013-03-18,406046.0
2013-03-19,127455.0
2013-03-20,63941.0
2013-03-21,68274.0
2013-03-22,200585.0
2013-03-23,494808.0
2013-03-24,425101.0
2013-03-25,532337.0
2013-03-26,381315.0
2013-03-27,311232.0
2013-03-28,164054.0
2013-03-29,89778.0
2013-03-30,29055.0
2013-03-31,69280.0
2013-04-01,631596.0
2013-04-02,514931.0
2013-04-03,77925.0
2013-04-04,129642.0
2013-04-05,44055.0
2013-04-06,184077.0
2013-04-07,42353.0
2013-04-08,48456.0
2013-04-09,15632.0
2013-04-10,434442.0
2013-04-11,719498.0
2013-04-12,392000.0
2013-04-13,401638.0
2013-04-14,105636.0
2013-04-15,278303.0
2013-04-16,66951.0
2013-04-17,75673.0
2013-04-18,423210.0
2013-04-19,233046.0
2013-04-20,117254.0
2013-04-21,180687.0
2013-04-22,60869.0
2013-04-23,342407.0
2013-04-24,132599.0
2013-04-25,84171.0
2013-04-26,208557.0
2013-04-27,135870.0
2013-04-28,55275.0
2013-04-29,208849.0
2013-04-30,75941.0
2013-05-01,226943.0
2013-05-02,523957.0
2013-05-03,176696.0
2013-05-04,77296.0
2013-05-05,54696.0
2013-05-06,61410.0
2013-05-07,39227.0
2013-05-08,65047.0
2013-05-09,115358.0
2013-05-10,90699.0
2013-05-11,318731.0
2013-05-12,802276.0
2013-05-13,215064.0
2013-05-14,153789.0
2013-05-15,317973.0
2013-05-16,228473.0
2013-05-17,218128.0
2013-05-18,178593.0
2013-05-19,60458.0
2013-05-20,212854.0
2013-05-21,127432.0
2013-05-22,346692.0
2013-05-23,113719.0
2013-05-24,73473.0
2013-05-25,218398.0
2013-05-26,286426.0
2013-05-27,82084.0
2013-05-28,102566.0
2013-05-29,50258.0
2013-05-30,155356.0
2013-05-31,338823.0
2013-06-01,248275.0
2013-06-02,165471.0
2013-06-03,72025.0
2013-06-04,45032.0
2013-06-05,117826.0
2013-06-06,51046.0
2013-06-07,42873.0
2013-06-08,128298.0
2013-06-09,290699.0
2013-06-10,18029.0
2013-06-11,420258.0
2013-06-12,983233.0
2013-06-13,216627.0
2013-06-14,219502.0
2013-06-15,186066.0
2013-06-16,197777.0
2013-06-17,52209.0
2013-06-18,55772.0
2013-06-19,136047.0
2013-06-20,156459.0
2013-06-21,364729.0
2013-06-22,167271.0
2013-06-23,211293.0
2013-06-24,82669.0
2013-06-25,276755.0
2013-06-26,447133.0
2013-06-27,114281.0
2013-06-28,50266.0
2013-06-29,218325.0
2013-06-30,230982.0
2013-07-01,42847.0
2013-07-02,72500.0
2013-07-03,334949.0
2013-07-04,67601.0
2013-07-05,126313.0
2013-07-06,31495.0
2013-07-07,36448.0
2013-07-08,40515.0
2013-07-09,228128.0
2013-07-10,21790.0
2013-07-11,398037.0
2013-07-12,632392.0
2013-07-13,124583.0
2013-07-14,177812.0
2013-07-15,108825.0
2013-07-16,43929.0
2013-07-17,44521.0
2013-07-18,66407.0
2013-07-19,179270.0
2013-07-20,68735.0
2013-07-21,37164.0
2013-07-22,23168.0
2013-07-23,80945.0
2013-07-24,77257.0
2013-07-25,20012.0
2013-07-26,29163.0
2013-07-27,45312.0
2013-07-28,182392.0
2013-07-29,65018.0
2013-07-30,228684.0
2013-07-31,293198.0
2013-08-01,105562.0
2013-08-02,30753.0
2013-08-03,338771.0
2013-08-04,118663.0
2013-08-05,73128.0
2013-08-06,28977.0
2013-08-07,29697.0
2013-08-08,130979.0
2013-08-09,237867.0
2013-08-10,25779.0
2013-08-11,71103.0
2013-08-12,497767.0
2013-08-13,243835.0
2013-08-14,280790.0
2013-08-15,50594.0
2013-08-16,95443.0
2013-08-17,89855.0
2013-08-18,242792.0
2013-08-19,91271.0
2013-08-20,130936.0
2013-08-21,19144.0
2013-08-22,25660.0
2013-08-23,115309.0
2013-08-24,210376.0
2013-08-25,307724.0
2013-08-26,284985.0
2013-08-27,133146.0
2013-08-28,35453.0
2013-08-29,12635.0
2013-08-30,38887.0
2013-08-31,183403.0
2013-09-01,195255.0
2013-09-02,20600.0
2013-09-03,209816.0
2013-09-04,284618.0
2013-09-05,76801.0
2013-09-06,50943.0
2013-09-07,18697.0
2013-09-08,36612.0
2013-09-09,225450.0
2013-09-10,155139.0
2013-09-11,562909.0
2013-09-12,539213.0
2013-09-13,50705.0
2013-09-14,69960.0
2013-09-15,109299.0
2013-09-16,251875.0
2013-09-17,199756.0
2013-09-18,172445.0
2013-09-19,174675.0
2013-09-20,111010.0
2013-09-21,76893.0
2013-09-22,250716.0
2013-09-23,507738.0
2013-09-24,131186.0
2013-09-25,43784.0
2013-09-26,114119.0
2013-09-27,64085.0
2013-09-28,57479.0
2013-09-29,322217.0
2013-09-30,348906.0
2013-10-01,375789.0
2013-10-02,45829.0
2013-10-03,262290.0
2013-10-04,124265.0
2013-10-05,85556.0
2013-10-06,71941.0
2013-10-07,193976.0
2013-10-08,76604.0
2013-10-09,227850.0
2013-10-10,71256.0
2013-10-11,329447.0
2013-10-12,53391.0
2013-10-13,61232.0
2013-10-14,124595.0
2013-10-15,159298.0
2013-10-16,41096.0
2013-10-17,557516.0
2013-10-18,370673.0
2013-10-19,233896.0
2013-10-20,238626.0
2013-10-21,246232.0
2013-10-22,272885.0
2013-10-23,445434.0
2013-10-24,237975.0
2013-10-25,149890.0
2013-10-26,299636.0
2013-10-27,671977.0
2013-10-28,825129.0
2013-10-29,591260.0
2013-10-30,390913.0
2013-10-31,242717.0
2013-11-01,171996.0
2013-11-02,242530.0
2013-11-03,118772.0
2013-11-04,175151.0
2013-11-05,47810.0
2013-11-06,28164.0
2013-11-07,172892.0
2013-11-08,165636.0
2013-11-09,176348.0
2013-11-10,311166.0
2013-11-11,102881.0
2013-11-12,45750.0
2013-11-13,151752.0
2013-11-14,58204.0
2013-11-15,16036.0
2013-11-16,137722.0
2013-11-17,56201.0
2013-11-18,105753.0
2013-11-19,58637.0
2013-11-20,118221.0
2013-11-21,69814.0
2013-11-22,121050.0
2013-11-23,81191.0
2013-11-24,295841.0
2013-11-25,286977.0
2013-11-26,118341.0
2013-11-27,330193.0
2013-11-28,544504.0
2013-11-29,478585.0
2013-11-30,246442.0
2013-12-01,74096.0
2013-12-02,96502.0
2013-12-03,49275.0
2013-12-04,200063.0
2013-12-05,113674.0
2013-12-06,44089.0
2013-12-07,90486.0
2013-12-08,163721.0
2013-12-09,15908.0
2013-12-10,204645.0
2013-12-11,187409.0
2013-12-12,68486.0
2013-12-13,91429.0
2013-12-14,176026.0
2013-12-15,436142.0
2013-12-16,453583.0
2013-12-17,258174.0
2013-12-18,199372.0
2013-12-19,457781.0
2013-12-20,267248.0
2013-12-21,660029.0
2013-12-22,732583.0
2013-12-23,554517.0
2013-12-24,842766.0
2013-12-25,352899.0
2013-12-26,53699.0
2013-12-27,556294.0
2013-12-28,447434.0
2013-12-29,343178.0
2013-12-30,333859.0
2013-12-31,285661.0
2014-01-01,301453.0
2014-01-02,402075.0
2014-01-03,70994.0
2014-01-04,63387.0
2014-01-05,100002.0
2014-01-06,53385.0
2014-01-07,94092.0
2014-01-08,46896.0
2014-01-09,62144.0
2014-01-10,4281.0
2014-01-11,77936.0
2014-01-12,541455.0
2014-01-13,140464.0
2014-01-14,12676.0
2014-01-15,49150.0
2014-01-16,266023.0
2014-01-17,143429.0
2014-01-18,228512.0
2014-01-19,493524.0
2014-01-20,150380.0
2014-01-21,16860.0
2014-01-22,52357.0
2014-01-23,111516.0
2014-01-24,156933.0
2014-01-25,121578.0
2014-01-26,155796.0
2014-01-27,233960.0
2014-01-28,151795.0
2014-01-29,273537.0
2014-01-30,306954.0
2014-01-31,188843.0
2014-02-01,480167.0
2014-02-02,72477.0
2014-02-03,65684.0
2014-02-04,166230.0
2014-02-05,214610.0
2014-02-06,34491.0
2014-02-07,109082.0
2014-02-08,91919.0
2014-02-09,85628.0
2014-02-10,5391.0
2014-02-11,190678.0
2014-02-12,143803.0
2014-02-13,410438.0
2014-02-14,422670.0
2014-02-15,696912.0
2014-02-16,696078.0
2014-02-17,213319.0
2014-02-18,130658.0
2014-02-19,196079.0
2014-02-20,234912.0
2014-02-21,303299.0
2014-02-22,286827.0
2014-02-23,208634.0
2014-02-24,369506.0
2014-02-25,260577.0
2014-02-26,72842.0
2014-02-27,53623.0
2014-02-28,75669.0
2014-03-01,469732.0
2014-03-02,150529.0
2014-03-03,310263.0
2014-03-04,110928.0
2014-03-05,83286.0
2014-03-06,13488.0
2014-03-07,71831.0
2014-03-08,68621.0
2014-03-09,171979.0
2014-03-10,51178.0
2014-03-11,489183.0
2014-03-12,12458.0
2014-03-13,34380.0
2014-03-14,178084.0
2014-03-15,916451.0
2014-03-16,1031368.0
2014-03-17,746497.0
2014-03-18,323004.0
2014-03-19,644074.0
2014-03-20,503086.0
2014-03-21,624265.0
2014-03-22,132833.0
2014-03-23,65687.0
2014-03-24,61391.0
2014-03-25,91746.0
2014-03-26,168439.0
2014-03-27,235886.0
2014-03-28,82569.0
2014-03-29,47473.0
2014-03-30,22827.0
2014-03-31,24125.0
2014-04-01,431496.0
2014-04-02,206433.0
2014-04-03,54018.0
2014-04-04,223914.0
2014-04-05,150493.0
2014-04-06,50734.0
2014-04-07,92599.0
2014-04-08,50811.0
2014-04-09,184351.0
2014-04-10,196078.0
2014-04-11,289162.0
2014-04-12,148933.0
2014-04-13,345346.0
2014-04-14,684871.0
2014-04-15,495580.0
2014-04-16,39192.0
2014-04-17,233550.0
2014-04-18,150159.0
2014-04-19,216692.0
2014-04-20,311237.0
2014-04-21,202958.0
2014-04-22,82063.0
2014-04-23,50637.0
2014-04-24,44149.0
2014-04-25,167601.0
2014-04-26,102013.0
2014-04-27,180427.0
2014-04-28,108562.0
2014-04-29,29094.0
2014-04-30,21982.0
2014-05-01,264578.0
2014-05-02,227190.0
2014-05-03,28680.0
2014-05-04,65996.0
2014-05-05,25645.0
2014-05-06,221681.0
2014-05-07,133487.0
2014-05-08,47978.0
2014-05-09,108581.0
2014-05-10,141655.0
2014-05-11,51266.0
2014-05-12,53778.0
2014-05-13,207529.0
2014-05-14,236132.0
2014-05-15,162478.0
2014-05-16,259312.0
2014-05-17,209261.0
2014-05-18,111738.0
2014-05-19,35405.0
2014-05-20,38577.0
2014-05-21,118958.0
2014-05-22,205228.0
2014-05-23,157010.0
2014-05-24,26327.0
2014-05-25,34150.0
2014-05-26,219683.0
2014-05-27,326120.0
2014-05-28,359810.0
2014-05-29,122445.0
2014-05-30,135568.0
2014-05-31,177582.0
2014-06-01,545224.0
2014-06-02,398311.0
2014-06-03,18274.0
2014-06-04,32603.0
2014-06-05,231387.0
2014-06-06,45797.0
2014-06-07,84693.0
2014-06-08,21351.0
2014-06-09,61233.0
2014-06-10,237459.0
2014-06-11,55505.0
2014-06-12,63090.0
2014-06-13,278361.0
2014-06-14,132784.0
2014-06-15,30578.0
2014-06-16,58790.0
2014-06-17,30383.0
2014-06-18,87267.0
2014-06-19,397552.0
2014-06-20,423789.0
2014-06-21,373209.0
2014-06-22,371231.0
2014-06-23,222079.0
2014-06-24,63119.0
2014-06-25,70776.0
2014-06-26,24226.0
2014-06-27,29366.0
2014-06-28,86862.0
2014-06-29,111806.0
2014-06-30,80155.0
2014-07-01,570727.0
2014-07-02,769484.0
2014-07-03,99197.0
2014-07-04,124246.0
2014-07-05,302345.0
2014-07-06,44962.0
2014-07-07,160113.0
2014-07-08,35674.0
2014-07-09,29282.0
2014-07-10,505202.0
2014-07-11,132722.0
2014-07-12,235775.0
2014-07-13,86638.0
2014-07-14,198931.0
2014-07-15,76102.0
2014-07-16,20976.0
2014-07-17,24166.0
2014-07-18,32973.0
2014-07-19,79513.0
2014-07-20,118885.0
2014-07-21,224408.0
2014-07-22,250335.0
2014-07-23,246367.0
2014-07-24,163513.0
2014-07-25,117958.0
2014-07-26,32411.0
2014-07-27,33018.0
2014-07-28,39288.0
2014-07-29,71805.0
2014-07-30,98978.0
2014-07-31,77858.0
2014-08-01,499597.0
2014-08-02,535241.0
2014-08-03,119695.0
2014-08-04,569632.0
2014-08-05,275770.0
2014-08-06,66168.0
2014-08-07,107670.0
2014-08-08,31931.0
2014-08-09,43882.0
2014-08-10,312801.0
2014-08-11,170058.0
2014-08-12,347816.0
2014-08-13,105096.0
2014-08-14,185837.0
2014-08-15,89737.0
2014-08-16,216253.0
2014-08-17,439320.0
2014-08-18,599506.0
2014-08-19,371985.0
2014-08-20,363925.0
2014-08-21,97757.0
2014-08-22,195111.0
2014-08-23,150212.0
2014-08-24,230016.0
2014-08-25,131483.0
2014-08-26,15296.0
2014-08-27,66958.0
2014-08-28,30698.0
2014-08-29,83448.0
2014-08-30,81453.0
2014-08-31,39952.0
2014-09-01,650183.0
2014-09-02,555420.0
2014-09-03,281164.0
2014-09-04,705146.0
2014-09-05,404340.0
2014-09-06,111159.0
2014-09-07,179884.0
2014-09-08,328136.0
2014-09-09,169105.0
2014-09-10,304607.0
2014-09-11,169285.0
2014-09-12,131699.0
2014-09-13,128090.0
2014-09-14,99906.0
2014-09-15,140758.0
2014-09-16,161883.0
2014-09-17,177915.0
2014-09-18,152016.0
2014-09-19,39674.0
2014-09-20,21242.0
2014-09-21,168880.0
2014-09-22,537331.0
2014-09-23,166020.0
2014-09-24,155831.0
2014-09-25,330603.0
2014-09-26,255612.0
2014-09-27,113030.0
2014-09-28,57404.0
2014-09-29,63044.0
2014-09-30,33786.0
2014-10-01,770722.0
2014-10-02,271903.0
2014-10-03,129127.0
2014-10-04,204297.0
2014-10-05,316762.0
2014-10-06,125604.0
2014-10-07,163302.0
2014-10-08,205899.0
2014-10-09,132736.0
2014-10-10,110579.0
2014-10-11,68972.0
2014-10-12,703120.0
2014-10-13,121553.0
2014-10-14,47265.0
2014-10-15,52256.0
2014-10-16,51283.0
2014-10-17,111997.0
2014-10-18,115875.0
2014-10-19,396487.0
2014-10-20,496316.0
2014-10-21,287409.0
2014-10-22,504854.0
2014-10-23,139963.0
2014-10-24,140280.0
2014-10-25,133480.0
2014-10-26,116959.0
2014-10-27,162738.0
2014-10-28,192136.0
2014-10-29,132899.0
2014-10-30,7981.0
2014-10-31,77383.0
2014-11-01,523240.0
2014-11-02,386648.0
2014-11-03,153743.0
2014-11-04,32024.0
2014-11-05,529583.0
2014-11-06,111364.0
2014-11-07,205016.0
2014-11-08,284093.0
2014-11-09,76922.0
2014-11-10,29401.0
2014-11-11,117105.0
2014-11-12,699613.0
2014-11-13,7784.0
2014-11-14,214264.0
2014-11-15,323176.0
2014-11-16,301818.0
2014-11-17,106263.0
2014-11-18,268445.0
2014-11-19,42416.0
2014-11-20,777.0
2014-11-21,12968.0
2014-11-22,176916.0
2014-11-23,335777.0
2014-11-24,341392.0
2014-11-25,63228.0
2014-11-26,192832.0
2014-11-27,362639.0
2014-11-28,407441.0
2014-11-29,358275.0
2014-11-30,369489.0
2014-12-01,613938.0
2014-12-02,314842.0
2014-12-03,28398.0
2014-12-04,14721.0
2014-12-05,412853.0
2014-12-06,128807.0
2014-12-07,108415.0
2014-12-08,275950.0
2014-12-09,416255.0
2014-12-10,94778.0
2014-12-11,108011.0
2014-12-12,899975.0
2014-12-13,379984.0
2014-12-14,97246.0
2014-12-15,404040.0
2014-12-16,292502.0
2014-12-17,411476.0
2014-12-18,568112.0
2014-12-19,896633.0
2014-12-20,1014140.0
2014-12-21,850228.0
2014-12-22,1035337.0
2014-12-23,1017804.0
2014-12-24,888462.0
2014-12-25,753135.0
2014-12-26,71383.0
2014-12-27,275756.0
2014-12-28,164771.0
2014-12-29,184488.0
2014-12-30,165488.0
2014-12-31,271875.0
2015-01-01,495468.0
2015-01-02,247876.0
2015-01-03,651213.0
2015-01-04,952889.0
2015-01-05,106916.0
2015-01-06,235124.0
2015-01-07,126091.0
2015-01-08,89953.0
2015-01-09,258829.0
2015-01-10,82893.0
2015-01-11,210100.0
2015-01-12,634643.0
2015-01-13,875704.0
2015-01-14,617292.0
2015-01-15,795727.0
2015-01-16,382516.0
2015-01-17,146752.0
2015-01-18,198027.0
2015-01-19,89449.0
2015-01-20,50227.0
2015-01-21,40844.0
2015-01-22,106489.0
2015-01-23,52308.0
2015-01-24,164379.0
2015-01-25,168174.0
2015-01-26,297294.0
2015-01-27,526217.0
2015-01-28,608124.0
2015-01-29,663787.0
2015-01-30,251201.0
2015-01-31,296475.0
2015-02-01,985057.0
2015-02-02,342962.0
2015-02-03,665661.0
2015-02-04,647490.0
2015-02-05,51587.0
2015-02-06,578180.0
2015-02-07,296086.0
2015-02-08,72183.0
2015-02-09,196129.0
2015-02-10,82144.0
2015-02-11,48658.0
2015-02-12,490682.0
2015-02-13,109850.0
2015-02-14,124427.0
2015-02-15,296835.0
2015-02-16,485017.0
2015-02-17,146079.0
2015-02-18,189396.0
2015-02-19,322866.0
2015-02-20,494747.0
2015-02-21,575245.0
2015-02-22,156845.0
2015-02-23,527464.0
2015-02-24,400933.0
2015-02-25,138121.0
2015-02-26,226660.0
2015-02-27,207471.0
2015-02-28,212044.0
2015-03-01,890928.0
2015-03-02,204619.0
2015-03-03,749282.0
2015-03-04,417031.0
2015-03-05,256375.0
2015-03-06,565072.0
2015-03-07,170729.0
2015-03-08,108515.0
2015-03-09,43182.0
2015-03-10,91349.0
2015-03-11,45405.0
2015-03-12,348896.0
2015-03-13,155816.0
2015-03-14,160782.0
2015-03-15,386749.0
2015-03-16,659455.0
2015-03-17,439428.0
2015-03-18,317704.0
2015-03-19,86803.0
2015-03-20,35678.0
2015-03-21,169318.0
2015-03-22,235047.0
2015-03-23,89612.0
2015-03-24,35523.0
2015-03-25,198567.0
2015-03-26,170363.0
2015-03-27,294305.0
2015-03-28,224221.0
2015-03-29,681196.0
2015-03-30,970699.0
2015-03-31,868077.0
2015-04-01,802649.0
2015-04-02,54577.0
2015-04-03,567675.0
2015-04-04,133474.0
2015-04-05,243782.0
2015-04-06,67473.0
2015-04-07,110500.0
2015-04-08,279384.0
2015-04-09,143880.0
2015-04-10,88484.0
2015-04-11,58301.0
2015-04-12,744093.0
2015-04-13,737547.0
2015-04-14,284569.0
2015-04-15,488100.0
2015-04-16,280170.0
2015-04-17,213057.0
2015-04-18,125229.0
2015-04-19,51671.0
2015-04-20,237795.0
2015-04-21,431313.0
2015-04-22,114637.0
2015-04-23,132065.0
2015-04-24,91752.0
2015-04-25,232761.0
2015-04-26,106063.0
2015-04-27,198767.0
2015-04-28,184802.0
2015-04-29,183031.0
2015-04-30,254248.0
2015-05-01,513497.0
2015-05-02,109258.0
2015-05-03,294861.0
2015-05-04,136142.0
2015-05-05,472842.0
2015-05-06,252431.0
2015-05-07,127736.0
2015-05-08,81671.0
2015-05-09,716901.0
2015-05-10,86402.0
2015-05-11,59543.01
2015-05-12,870634.0
2015-05-13,353290.0
2015-05-14,141658.0
2015-05-15,55569.0
2015-05-16,226076.0
2015-05-17,418685.0
2015-05-18,143646.0
2015-05-19,286633.0
2015-05-20,54843.0
2015-05-21,93692.0
2015-05-22,22137.0
2015-05-23,78692.0
2015-05-24,23112.0
2015-05-25,104473.0
2015-05-26,181639.0
2015-05-27,228733.0
2015-05-28,341993.0
2015-05-29,134290.0
2015-05-30,455622.0
2015-05-31,326538.0
2015-06-01,200909.0
2015-06-02,161713.0
2015-06-03,197915.0
2015-06-04,219982.0
2015-06-05,267887.0
2015-06-06,288385.0
2015-06-07,286956.0
2015-06-08,103423.0
2015-06-09,929957.0
2015-06-10,411321.0
2015-06-11,204165.49
2015-06-12,940230.0
2015-06-13,148208.0
2015-06-14,188923.0
2015-06-15,159206.0
2015-06-16,102239.0
2015-06-17,111678.0
2015-06-18,260885.0
2015-06-19,341883.0
2015-06-20,247208.0
2015-06-21,119697.0
2015-06-22,170271.0
2015-06-23,251846.0
2015-06-24,327265.0
2015-06-25,119194.0
2015-06-26,46873.0
2015-06-27,164249.0
2015-06-28,152789.0
2015-06-29,63046.0
2015-06-30,73496.0
2015-07-01,367083.0
2015-07-02,440783.0
2015-07-03,367666.0
2015-07-04,290687.0
2015-07-05,414913.0
2015-07-06,96278.0
2015-07-07,99067.0
2015-07-08,157724.0
2015-07-09,310864.0
2015-07-10,334180.0
2015-07-11,422349.99
2015-07-12,205086.0
2015-07-13,213872.0
2015-07-14,150109.0
2015-07-15,118554.0
2015-07-16,48306.0
2015-07-17,108855.0
2015-07-18,169161.0
2015-07-19,178160.0
2015-07-20,233375.0
2015-07-21,250619.0
2015-07-22,81568.0
2015-07-23,125122.0
2015-07-24,124438.0
2015-07-25,638770.0
2015-07-26,500511.0
2015-07-27,259382.0
2015-07-28,606968.0
2015-07-29,545501.0
2015-07-30,742932.0
2015-07-31,237836.0
2015-08-01,644668.0
2015-08-02,763146.0
2015-08-03,330749.0
2015-08-04,201384.0
2015-08-05,68546.0
2015-08-06,180715.0
2015-08-07,535601.0
2015-08-08,250452.0
2015-08-09,196222.0
2015-08-10,104568.0
2015-08-11,546256.0
2015-08-12,207821.0
2015-08-13,230131.0
2015-08-14,391437.0
2015-08-15,119214.0
2015-08-16,66926.0
2015-08-17,213563.0
2015-08-18,195359.0
2015-08-19,103096.0
2015-08-20,59455.0
2015-08-21,63527.0
2015-08-22,118615.0
2015-08-23,317817.0
2015-08-24,324843.0
2015-08-25,509288.0
2015-08-26,299608.0
2015-08-27,320934.0
2015-08-28,87106.0
2015-08-29,41005.0
2015-08-30,72857.0
2015-08-31,78145.0
2015-09-01,1025268.0
2015-09-02,628985.0
2015-09-03,122192.0
2015-09-04,49610.0
2015-09-05,204877.0
2015-09-06,124214.0
2015-09-07,671798.0
2015-09-08,120791.0
2015-09-09,121785.0
2015-09-10,98356.0
2015-09-11,790539.0
2015-09-12,401225.0
2015-09-13,268693.0
2015-09-14,332197.0
2015-09-15,405465.0
2015-09-16,331874.0
2015-09-17,531557.0
2015-09-18,290728.0
2015-09-19,143956.0
2015-09-20,292238.0
2015-09-21,153515.0
2015-09-22,287679.0
2015-09-23,125615.0
2015-09-24,206009.0
2015-09-25,94761.0
2015-09-26,104351.0
2015-09-27,97013.0
2015-09-28,98926.0
2015-09-29,178281.0
2015-09-30,131474.0
2015-10-01,945908.0
2015-10-02,253713.0
2015-10-03,227442.0
2015-10-04,57771.0
2015-10-05,477489.0
2015-10-06,74673.0
2015-10-07,543674.0
2015-10-08,147096.0
2015-10-09,171177.0
2015-10-10,297684.0
2015-10-11,926709.0
2015-10-12,570362.0
2015-10-13,99691.0
2015-10-14,154537.0
2015-10-15,260153.0
2015-10-16,49200.0
2015-10-17,15311.0
2015-10-18,23686.0
2015-10-19,42335.0
2015-10-20,61709.0
2015-10-21,94413.0
2015-10-22,324069.0
2015-10-23,378304.0
2015-10-24,125237.0
2015-10-25,184411.0
2015-10-26,121694.0
2015-10-27,257054.0
2015-10-28,254771.0
2015-10-29,56349.0
2015-10-30,38342.0
2015-10-31,242293.0
2015-11-01,1017684.0
2015-11-02,44068.0
2015-11-03,268581.0
2015-11-04,475413.0
2015-11-05,181212.0
2015-11-06,51496.0
2015-11-07,31855.0
2015-11-08,199769.0
2015-11-09,193812.0
2015-11-10,453952.0
2015-11-11,562149.0
2015-11-12,804695.0
2015-11-13,576913.0
2015-11-14,899293.0
2015-11-15,700406.0
2015-11-16,510257.0
2015-11-17,642867.0
2015-11-18,978847.0
2015-11-19,982315.0
2015-11-20,440869.0
2015-11-21,212122.0
2015-11-22,303927.0
2015-11-23,172438.0
2015-11-24,516151.0
2015-11-25,280641.0
2015-11-26,92499.0
2015-11-27,204500.0
2015-11-28,662782.0
2015-11-29,996549.0
2015-11-30,873492.0
2015-12-01,961228.0
2015-12-02,54680.0
2015-12-03,101394.0
2015-12-04,389965.0
2015-12-05,482701.0
2015-12-06,62654.0
2015-12-07,143134.0
2015-12-08,136967.0
2015-12-09,180628.0
2015-12-10,295396.0
2015-12-11,437472.0
2015-12-12,655570.0
2015-12-13,545615.0
2015-12-14,116982.0
2015-12-15,106426.0
2015-12-16,253294.0
2015-12-17,486737.0
2015-12-18,496853.0
2015-12-19,420018.0
2015-12-20,495246.0
2015-12-21,769047.0
2015-12-22,949961.0
2015-12-23,865394.0
2015-12-24,549859.0
2015-12-25,586961.0
2015-12-26,986780.0
2015-12-27,713867.0
2015-12-28,211084.0
2015-12-29,462402.0
2015-12-30,523992.0
2015-12-31,539136.0
2016-01-01,78943.79
2016-01-02,639737.68
2016-01-03,207155.24
2016-01-04,87884.97
2016-01-05,254684.05
2016-01-06,138775.75
2016-01-07,252091.31
2016-01-08,232633.17
2016-01-09,102226.65
2016-01-10,110490.72
2016-01-11,319223.12
2016-01-12,1128344.39
2016-01-13,473398.09
2016-01-14,248774.58
2016-01-15,102131.59
2016-01-16,62287.29
2016-01-17,83907.18
2016-01-18,63198.72
2016-01-19,265145.48
2016-01-20,236049.26
2016-01-21,83435.58
2016-01-22,267013.5
2016-01-23,441459.01
2016-01-24,297323.03
2016-01-25,425989.98
2016-01-26,645389.72
2016-01-27,924548.62
2016-01-28,751357.11
2016-01-29,882247.3
2016-01-30,1034558.28
2016-01-31,805283.1
2016-02-01,473107.62
2016-02-02,1013054.42
2016-02-03,508252.85
2016-02-04,321056.39
2016-02-05,98939.27
2016-02-06,99853.03
2016-02-07,302049.15
2016-02-08,78482.22
2016-02-09,67555.25
2016-02-10,197753.03
2016-02-11,793565.98
2016-02-12,643458.53
2016-02-13,143879.17
2016-02-14,270380.48
2016-02-15,269963.01
2016-02-16,99698.88
2016-02-17,335646.51
2016-02-18,100386.2
2016-02-19,64728.13
2016-02-20,785700.86
2016-02-21,827501.58
2016-02-22,805809.11
2016-02-23,419611.61
2016-02-24,495920.65
2016-02-25,216242.4
2016-02-26,177538.12
2016-02-27,134816.88
2016-02-28,162396.78
2016-02-29,453913.06
2016-03-01,600575.95
2016-03-02,868178.42
2016-03-03,106943.87
2016-03-04,157851.38
2016-03-05,279674.9
2016-03-06,189195.75
2016-03-07,242274.81
2016-03-08,281565.78
2016-03-09,163163.48
2016-03-10,167381.85
2016-03-11,229529.34
2016-03-12,100392.14
2016-03-13,120784.53
2016-03-14,58153.04
2016-03-15,257384.12
2016-03-16,279827.04
2016-03-17,78277.0
2016-03-18,202849.51
2016-03-19,136110.4
2016-03-20,436684.05
2016-03-21,494178.01
2016-03-22,253535.58
2016-03-23,112872.5
2016-03-24,91357.92
2016-03-25,192690.09
2016-03-26,210201.86
2016-03-27,498077.78
2016-03-28,530253.47
2016-03-29,592932.25
2016-03-30,394360.13
2016-03-31,134733.98
2016-04-01,347493.56
2016-04-02,646897.39
2016-04-03,280297.93
2016-04-04,38052.8
2016-04-05,231401.53
2016-04-06,54018.63
2016-04-07,98269.12
2016-04-08,253563.56
2016-04-09,292838.96
2016-04-10,621272.87
2016-04-11,318976.46
2016-04-12,76949.89
2016-04-13,60820.92
2016-04-14,124165.28
2016-04-15,325970.05
2016-04-16,434382.41
2016-04-17,261817.9
2016-04-18,280545.49
2016-04-19,702742.52
2016-04-20,356625.23
2016-04-21,137389.78
2016-04-22,206112.38
2016-04-23,184485.56
2016-04-24,274165.2
2016-04-25,314281.28
2016-04-26,395229.39
2016-04-27,637870.64
2016-04-28,371299.58
2016-04-29,315142.03
2016-04-30,214457.14
2016-05-01,193448.24
2016-05-02,363719.92
2016-05-03,243306.86000000002
2016-05-04,140262.07
2016-05-05,92854.47
2016-05-06,64472.73
2016-05-07,346533.76
2016-05-08,104876.45
2016-05-09,300818.33
2016-05-10,594087.64
2016-05-11,237652.71
2016-05-12,162188.17
2016-05-13,270101.52
2016-05-14,507552.9
2016-05-15,609976.05
2016-05-16,516543.31
2016-05-17,363327.31
2016-05-18,86201.88
2016-05-19,68126.7
2016-05-20,225523.41
2016-05-21,79578.99
2016-05-22,328711.15
2016-05-23,221469.86
2016-05-24,263369.86
2016-05-25,91728.65
2016-05-26,28402.59
2016-05-27,25634.41
2016-05-28,78591.72
2016-05-29,198085.67
2016-05-30,309543.36
2016-05-31,113891.35
2016-06-01,116588.05
2016-06-02,504575.51
2016-06-03,196695.45
2016-06-04,504263.86
2016-06-05,265904.59
2016-06-06,153304.98
2016-06-07,897675.38
2016-06-08,285127.99
2016-06-09,37632.97
2016-06-10,635725.74
2016-06-11,162092.35
2016-06-12,148646.38999999998
2016-06-13,71945.19
2016-06-14,62571.62
2016-06-15,66673.64
2016-06-16,72913.55
2016-06-17,261237.22
2016-06-18,232949.65
2016-06-19,110767.58
2016-06-20,122805.16
2016-06-21,207506.13
2016-06-22,58101.95
2016-06-23,192489.82
2016-06-24,168288.26
2016-06-25,158269.91
2016-06-26,281814.63
2016-06-27,139224.29
2016-06-28,93877.36
2016-06-29,294408.64
2016-06-30,136486.23
2016-07-01,241989.9
2016-07-02,625572.86
2016-07-03,85057.28
2016-07-04,409110.05
2016-07-05,450221.55
2016-07-06,57452.83
2016-07-07,229397.69
2016-07-08,220596.59
2016-07-09,92080.41
2016-07-10,166135.38
2016-07-11,128111.49
2016-07-12,369669.52
2016-07-13,62225.59
2016-07-14,405429.21
2016-07-15,567929.99
2016-07-16,151120.62
2016-07-17,132738.51
2016-07-18,165344.8
2016-07-19,79193.71
2016-07-20,67281.27
2016-07-21,175863.18
2016-07-22,132727.6
2016-07-23,98854.7
2016-07-24,38451.19
2016-07-25,31691.71
2016-07-26,81887.39
2016-07-27,92231.41
2016-07-28,58213.37
2016-07-29,159342.86
2016-07-30,185014.35
2016-07-31,75505.19
2016-08-01,821855.28
2016-08-02,1036256.37
2016-08-03,52304.86
2016-08-04,154421.94
2016-08-05,494310.27
2016-08-06,195648.86000000002
2016-08-07,252295.29
2016-08-08,464894.56
2016-08-09,146126.98
2016-08-10,225628.28
2016-08-11,195394.71
2016-08-12,802652.37
2016-08-13,410457.27
2016-08-14,166945.21
2016-08-15,100694.64
2016-08-16,96855.94
2016-08-17,50675.7
2016-08-18,82617.9
2016-08-19,40882.95
2016-08-20,174212.03
2016-08-21,179636.17
2016-08-22,196396.61
2016-08-23,119901.81
2016-08-24,81935.67
2016-08-25,309404.24
2016-08-26,261698.3
2016-08-27,123504.07
2016-08-28,228471.68
2016-08-29,395458.38
2016-08-30,139467.64
2016-08-31,68734.78
2016-09-01,223736.71
2016-09-02,980690.13
2016-09-03,212800.06
2016-09-04,54444.6
2016-09-05,450793.43
2016-09-06,96694.18
2016-09-07,420563.09
2016-09-08,218632.43
2016-09-09,121703.09
2016-09-10,116741.21
2016-09-11,149539.51
2016-09-12,646317.25
2016-09-13,201897.25
2016-09-14,291118.61
2016-09-15,290008.56
2016-09-16,146685.75
2016-09-17,346353.15
2016-09-18,335155.48
2016-09-19,114838.97
2016-09-20,38026.96
2016-09-21,66669.6
2016-09-22,35841.95
2016-09-23,86566.74
2016-09-24,88869.51
2016-09-25,160074.79
2016-09-26,109198.64
2016-09-27,43855.270000000004
2016-09-28,671051.53
2016-09-29,674669.78
2016-09-30,301383.47
2016-10-01,411895.45
2016-10-02,618667.62
2016-10-03,151174.01
2016-10-04,121041.66
2016-10-05,363423.21
2016-10-06,301340.69
2016-10-07,194525.02
2016-10-08,209580.27
2016-10-09,71612.73
2016-10-10,24372.18
2016-10-11,114279.79
2016-10-12,669493.73
2016-10-13,329604.0
2016-10-14,545322.0
2016-10-15,300970.36
2016-10-16,103505.47
2016-10-17,202880.23
2016-10-18,73579.45
2016-10-19,218513.78
2016-10-20,150277.36000000002
2016-10-21,77362.18000000001
2016-10-22,36188.51
2016-10-23,50691.81
2016-10-24,67376.99
2016-10-25,42298.9
2016-10-26,21097.57
2016-10-27,215196.81
2016-10-28,658166.8
2016-10-29,563673.97
2016-10-30,292392.2
2016-10-31,76100.15
2016-11-01,152112.37
2016-11-02,589605.13
2016-11-03,115104.22
2016-11-04,155780.26
2016-11-05,374280.62
2016-11-06,57253.82
2016-11-07,351588.83
2016-11-08,285989.15
2016-11-09,110646.17
2016-11-10,144707.84
2016-11-11,98248.97
2016-11-12,742747.28
2016-11-13,129573.85
2016-11-14,283977.22
2016-11-15,653963.12
2016-11-16,469197.18
2016-11-17,661442.38
2016-11-18,918861.6
2016-11-19,473132.38
2016-11-20,837580.17
2016-11-21,549400.07
2016-11-22,210668.21
2016-11-23,34755.92
2016-11-24,195171.54
2016-11-25,70329.52
2016-11-26,187818.52
2016-11-27,548735.21
2016-11-28,313123.43
2016-11-29,307557.73
2016-11-30,793769.49
2016-12-01,319355.39
2016-12-02,165515.65
2016-12-03,97939.7
2016-12-04,69362.89
2016-12-05,475883.94
2016-12-06,94669.21
2016-12-07,190482.96
2016-12-08,181721.05
2016-12-09,123959.05
2016-12-10,214259.23
2016-12-11,30959.8
2016-12-12,348370.04
2016-12-13,167402.73
2016-12-14,96893.06
2016-12-15,135633.91
2016-12-16,207819.62
2016-12-17,125372.07
2016-12-18,215915.11
2016-12-19,40889.76
2016-12-20,152588.02
2016-12-21,342071.6
2016-12-22,306633.13
2016-12-23,465264.07
2016-12-24,927566.31
2016-12-25,987105.41
2016-12-26,1121896.75
2016-12-27,1156479.04
2016-12-28,464103.25
2016-12-29,123495.48
2016-12-30,296398.65
2016-12-31,432798.66
2017-01-01,490509.17
2017-01-02,91728.55
2017-01-03,581494.66
2017-01-04,147443.4
2017-01-05,725392.04
2017-01-06,204432.26
2017-01-07,450117.13
2017-01-08,167053.25
2017-01-09,57359.99
2017-01-10,166074.54
2017-01-11,578187.03
2017-01-12,43058.4
2017-01-13,700559.55
2017-01-14,566829.06
2017-01-15,438482.08999999997
2017-01-16,128002.15
2017-01-17,36795.84
2017-01-18,71163.03
2017-01-19,99586.15
2017-01-20,118782.9
2017-01-21,62957.99
2017-01-22,77492.62
2017-01-23,36063.02
2017-01-24,30849.56
2017-01-25,19401.03
2017-01-26,190165.21
2017-01-27,242026.46
2017-01-28,223672.95
2017-01-29,351289.06
2017-01-30,394010.39
2017-01-31,109797.03
2017-02-01,467068.85
2017-02-02,215721.97
2017-02-03,848373.45
2017-02-04,158693.7
2017-02-05,638170.15
2017-02-06,64385.94
2017-02-07,449804.52
2017-02-08,80149.63
2017-02-09,69077.34
2017-02-10,652873.31
2017-02-11,533383.06
2017-02-12,61732.63
2017-02-13,162822.38
2017-02-14,108890.26
2017-02-15,110485.87
2017-02-16,262999.02
2017-02-17,313423.38
2017-02-18,168538.84
2017-02-19,451923.77999999997
2017-02-20,904351.08
2017-02-21,894866.12
2017-02-22,1061422.96
2017-02-23,896488.49
2017-02-24,887814.24
2017-02-25,531694.46
2017-02-26,733794.82
2017-02-27,602415.96
2017-02-28,817925.28
2017-03-01,1027981.31
2017-03-02,202911.32
2017-03-03,437701.52
2017-03-04,90095.61
2017-03-05,352157.06
2017-03-06,186283.25
2017-03-07,320569.77
2017-03-08,315707.52
2017-03-09,68419.64
2017-03-10,547021.07
2017-03-11,144321.63
2017-03-12,521956.69
2017-03-13,112002.81
2017-03-14,273776.18
2017-03-15,579733.37
2017-03-16,265008.1
2017-03-17,651850.34
2017-03-18,934890.83
2017-03-19,484949.7
2017-03-20,686701.54
2017-03-21,481576.54
2017-03-22,173278.51
2017-03-23,186643.53
2017-03-24,119131.94
2017-03-25,194298.85
2017-03-26,49062.18
2017-03-27,60360.38
2017-03-28,131173.53
2017-03-29,561740.19
2017-03-30,172759.75
2017-03-31,297558.59
2017-04-01,1101494.31
2017-04-02,204966.39
2017-04-03,306942.38
2017-04-04,23096.22
2017-04-05,422946.61
2017-04-06,339925.66000000003
2017-04-07,369648.9
2017-04-08,488308.36
2017-04-09,230831.83
2017-04-10,859820.47
2017-04-11,359536.32
2017-04-12,697558.67
2017-04-13,692039.48
2017-04-14,434811.7
2017-04-15,628933.52
2017-04-16,441544.3
2017-04-17,151733.29
2017-04-18,375650.44
2017-04-19,336593.12
2017-04-20,95263.91
2017-04-21,661705.48
2017-04-22,864193.87
2017-04-23,675336.17
2017-04-24,453681.82
2017-04-25,322083.94
2017-04-26,68155.33
2017-04-27,47822.31
2017-04-28,47164.86
2017-04-29,141238.75
2017-04-30,435037.74
2017-05-01,518779.89
2017-05-02,95787.01
2017-05-03,474563.71
2017-05-04,372106.64
2017-05-05,114632.68000000001
2017-05-06,92649.24
2017-05-07,44043.54
2017-05-08,260176.91
2017-05-09,111421.83
2017-05-10,963196.35
2017-05-11,377263.9
2017-05-12,926598.73
2017-05-13,84111.99
2017-05-14,53031.73
2017-05-15,110324.63
2017-05-16,48061.98
2017-05-17,152182.26
2017-05-18,310212.73
2017-05-19,226683.53
2017-05-20,376930.66
2017-05-21,106155.46
2017-05-22,51737.159999999996
2017-05-23,152691.18
2017-05-24,545875.41
2017-05-25,222602.99
2017-05-26,143304.06
2017-05-27,143195.77
2017-05-28,269405.98
2017-05-29,65647.97
2017-05-30,224064.73
2017-05-31,527293.68
2017-06-01,120674.28
2017-06-02,99478.24
2017-06-03,200798.66
2017-06-04,692818.06
2017-06-05,69117.14
2017-06-06,307489.97
2017-06-07,35666.03
2017-06-08,239541.08
2017-06-09,441914.73
2017-06-10,843186.33
2017-06-11,132716.93
2017-06-12,1002211.86
2017-06-13,610526.86
2017-06-14,149305.75
2017-06-15,69894.48
2017-06-16,592493.51
2017-06-17,598243.4
2017-06-18,76803.24
2017-06-19,21963.84
2017-06-20,188636.09
2017-06-21,99635.59
2017-06-22,234149.96
2017-06-23,548845.19
2017-06-24,437147.51
2017-06-25,395205.47
2017-06-26,273891.84
2017-06-27,90105.51
2017-06-28,215146.21
2017-06-29,331584.8
2017-06-30,746200.22
2017-07-01,346285.86
2017-07-02,123223.65
2017-07-03,146464.94
2017-07-04,787945.08
2017-07-05,66788.57
2017-07-06,797472.62
2017-07-07,188112.43
2017-07-08,99815.29
2017-07-09,647542.87
2017-07-10,820222.44
2017-07-11,141217.44
2017-07-12,919819.68
2017-07-13,452348.0
2017-07-14,37193.95
2017-07-15,91359.86
2017-07-16,156761.61
2017-07-17,124353.87
2017-07-18,64402.68
2017-07-19,185551.86
2017-07-20,164614.49
2017-07-21,146255.85
2017-07-22,180299.94
2017-07-23,237459.49
2017-07-24,70300.64
2017-07-25,291180.22
2017-07-26,461496.71
2017-07-27,147185.27
2017-07-28,275279.52
2017-07-29,312053.14
2017-07-30,415312.8
2017-07-31,127049.76
2017-08-01,54565.67
2017-08-02,123647.9
2017-08-03,384490.65
2017-08-04,201898.84
2017-08-05,300993.48
2017-08-06,386555.38
2017-08-07,184274.12
2017-08-08,425698.24
2017-08-09,629996.67
2017-08-10,546621.1
2017-08-11,142187.78
2017-08-12,854415.77
2017-08-13,177824.78
2017-08-14,89537.65
2017-08-15,337418.08
2017-08-16,98347.72
2017-08-17,166638.75
2017-08-18,141405.92
2017-08-19,374998.74
2017-08-20,311850.13
2017-08-21,413931.3
2017-08-22,195509.98
2017-08-23,40880.18
2017-08-24,150534.03
2017-08-25,135608.78
2017-08-26,40097.42
2017-08-27,272680.54
2017-08-28,31483.55
2017-08-29,130235.28
2017-08-30,294377.74
2017-08-31,368427.34
2017-09-01,120764.85
2017-09-02,152721.68
2017-09-03,256362.79
2017-09-04,51272.43
2017-09-05,63946.67
2017-09-06,338619.71
2017-09-07,82179.85
2017-09-08,192461.68
2017-09-09,579343.8
2017-09-10,398334.5
2017-09-11,173838.87
2017-09-12,923084.65
2017-09-13,974528.02
2017-09-14,880425.35
2017-09-15,502314.21
2017-09-16,104638.68
2017-09-17,25740.36
2017-09-18,58940.58
2017-09-19,84433.42
2017-09-20,164307.28
2017-09-21,43704.91
2017-09-22,14013.23
2017-09-23,38516.67
2017-09-24,78245.84
2017-09-25,117671.01
2017-09-26,201616.83
2017-09-27,195179.44
2017-09-28,207195.55
2017-09-29,254735.48
2017-09-30,377291.9
2017-10-01,494008.63
2017-10-02,358276.52
2017-10-03,589942.66
2017-10-04,690040.73
2017-10-05,173772.09
2017-10-06,94494.84
2017-10-07,139397.1
2017-10-08,170563.94
2017-10-09,190025.02
2017-10-10,357228.07
2017-10-11,808329.84
2017-10-12,827190.19
2017-10-13,372924.38
2017-10-14,365190.93
2017-10-15,197023.37
2017-10-16,313635.93
2017-10-17,271749.46
2017-10-18,56621.56
2017-10-19,134567.15
2017-10-20,257153.08
2017-10-21,193045.2
2017-10-22,361779.76
2017-10-23,204995.41
2017-10-24,223390.43
2017-10-25,642843.78
2017-10-26,417372.58
2017-10-27,760805.29
2017-10-28,1169797.59
2017-10-29,1108541.83
2017-10-30,742510.65
2017-10-31,379145.95
2017-11-01,837519.29
2017-11-02,345925.93
2017-11-03,85287.58
2017-11-04,607675.12
2017-11-05,141503.01
2017-11-06,122964.74
2017-11-07,150055.38
2017-11-08,179414.22
2017-11-09,591375.87
2017-11-10,652439.63
2017-11-11,805552.29
2017-11-12,522925.93
2017-11-13,221265.53
2017-11-14,409594.56
2017-11-15,162141.13
2017-11-16,121225.04
2017-11-17,243112.31
2017-11-18,864958.95
2017-11-19,1095540.42
2017-11-20,541610.0
2017-11-21,235578.28
2017-11-22,662260.15
2017-11-23,937944.47
2017-11-24,430606.13
2017-11-25,210897.73
2017-11-26,721737.64
2017-11-27,950907.87
2017-11-28,727019.08
2017-11-29,181153.34
2017-11-30,33031.46
2017-12-01,878166.1
2017-12-02,230492.66
2017-12-03,225534.24
2017-12-04,761128.53
2017-12-05,247179.06
2017-12-06,624545.83
2017-12-07,312138.96
2017-12-08,399828.94
2017-12-09,553187.95
2017-12-10,912179.9
2017-12-11,272293.83
2017-12-12,975401.39
2017-12-13,889182.6
2017-12-14,928727.63
2017-12-15,194743.51
2017-12-16,298014.23
2017-12-17,249681.78
2017-12-18,137118.87
2017-12-19,163702.26
2017-12-20,90931.15
2017-12-21,490766.45
2017-12-22,468890.97
2017-12-23,1087815.91
2017-12-24,1216042.35
2017-12-25,773358.35
2017-12-26,855174.13
2017-12-27,480691.15
2017-12-28,476444.9
2017-12-29,688065.47
2017-12-30,859809.13
2017-12-31,884852.41
2018-01-01,904602.58
2018-01-02,535645.63
2018-01-03,682581.98
2018-01-04,732968.15
2018-01-05,801000.89
2018-01-06,170660.12
2018-01-07,265349.4
2018-01-08,213936.66
2018-01-09,105635.82
2018-01-10,278905.32
2018-01-11,303970.17
2018-01-12,409567.9
2018-01-13,442198.12
2018-01-14,459446.32
2018-01-15,940340.35
2018-01-16,852825.5
2018-01-17,726232.28
2018-01-18,992805.35
2018-01-19,263605.64
2018-01-20,193352.74
2018-01-21,33934.85
2018-01-22,373439.36
2018-01-23,319750.26
2018-01-24,968301.62
2018-01-25,507805.0
2018-01-26,74985.21
2018-01-27,269169.54
2018-01-28,1186515.18
2018-01-29,1283436.61
2018-01-30,827297.44
2018-01-31,872254.9
2018-02-01,430731.67
2018-02-02,468112.26
2018-02-03,487926.48
2018-02-04,328525.99
2018-02-05,150101.37
2018-02-06,190514.53
2018-02-07,137112.59
2018-02-08,151614.41
2018-02-09,269635.54
2018-02-10,933316.26
2018-02-11,403342.47
2018-02-12,797582.21
2018-02-13,180939.65
2018-02-14,113956.98
2018-02-15,540455.54
2018-02-16,515401.11
2018-02-17,91919.2
2018-02-18,76701.26
2018-02-19,110262.54
2018-02-20,183812.12
2018-02-21,174353.18
2018-02-22,205096.84
2018-02-23,256227.65
2018-02-24,561203.53
2018-02-25,241597.85
2018-02-26,311424.2
2018-02-27,321835.3
2018-02-28,540791.86
2018-03-01,1163242.31
2018-03-02,142566.22
2018-03-03,383835.62
2018-03-04,470855.57
2018-03-05,223198.57
2018-03-06,88597.4
2018-03-07,118909.78
2018-03-08,90732.71
2018-03-09,328708.6
2018-03-10,1099782.71
2018-03-11,94125.63
2018-03-12,697837.74
2018-03-13,625868.54
2018-03-14,180862.1
2018-03-15,730672.31
2018-03-16,934175.6
2018-03-17,1186336.56
2018-03-18,1109890.37
2018-03-19,256020.31
2018-03-20,332707.06
2018-03-21,235457.53
2018-03-22,560805.02
2018-03-23,57917.72
2018-03-24,77013.86
2018-03-25,56958.03
2018-03-26,98877.35
2018-03-27,85473.06
2018-03-28,477365.6
2018-03-29,775414.23
2018-03-30,287802.61
2018-03-31,459696.09
2018-04-01,853938.79
2018-04-02,138219.5
2018-04-03,477871.32
2018-04-04,386171.59
2018-04-05,152920.97
2018-04-06,139361.12
2018-04-07,57434.16
2018-04-08,140281.7
2018-04-09,151367.73
2018-04-10,308391.99
2018-04-11,201411.86000000002
2018-04-12,893741.2
2018-04-13,524807.42
2018-04-14,440237.1
2018-04-15,89091.5
2018-04-16,67189.39
2018-04-17,102862.64
2018-04-18,78331.6
2018-04-19,76270.14
2018-04-20,234105.12
2018-04-21,167591.0
2018-04-22,113817.86
2018-04-23,438935.14
2018-04-24,417963.68
2018-04-25,663019.9
2018-04-26,496504.06
2018-04-27,204788.11000000002
2018-04-28,206933.68
2018-04-29,159688.82
2018-04-30,672765.45
2018-05-01,808175.53
2018-05-02,110787.33
2018-05-03,332889.02
2018-05-04,824623.2
2018-05-05,197438.5
2018-05-06,149688.34
2018-05-07,171803.04
2018-05-08,323661.02
2018-05-09,107952.25
2018-05-10,313240.25
2018-05-11,314035.64
2018-05-12,441873.91
2018-05-13,472309.87
2018-05-14,574407.31
2018-05-15,270138.69
2018-05-16,139349.89
2018-05-17,461157.1
2018-05-18,145670.57
2018-05-19,86797.07
2018-05-20,297972.63
2018-05-21,476319.96
2018-05-22,216890.95
2018-05-23,353183.48
2018-05-24,522404.2
2018-05-25,309670.9
2018-05-26,108435.11
2018-05-27,165612.81
2018-05-28,307080.82
2018-05-29,440142.43
2018-05-30,212578.35
2018-05-31,179243.38
2018-06-01,282442.22
2018-06-02,78674.78
2018-06-03,143901.32
2018-06-04,317857.9
2018-06-05,208934.29
2018-06-06,401402.78
2018-06-07,385684.11
2018-06-08,102238.73
2018-06-09,190259.34
2018-06-10,295662.17
2018-06-11,361077.31
2018-06-12,643995.11
2018-06-13,191526.72
2018-06-14,100863.51
2018-06-15,60896.67
2018-06-16,80394.65
2018-06-17,229641.56
2018-06-18,153284.23
2018-06-19,305355.95
2018-06-20,145218.59
2018-06-21,623505.06
2018-06-22,711693.04
2018-06-23,712606.8
2018-06-24,279673.96
2018-06-25,166939.07
2018-06-26,153985.47
2018-06-27,210710.25
2018-06-28,337015.32
2018-06-29,310228.01
2018-06-30,310798.42
2018-07-01,394866.36
2018-07-02,61562.35
2018-07-03,158522.39
2018-07-04,694865.78
2018-07-05,221038.72
2018-07-06,283620.33
2018-07-07,429817.76
2018-07-08,277483.41
2018-07-09,190034.44
2018-07-10,342533.43
2018-07-11,214534.32
2018-07-12,930732.98
2018-07-13,253962.0
2018-07-14,199498.73
2018-07-15,77381.34
2018-07-16,49740.0
2018-07-17,156116.63
2018-07-18,455561.21
2018-07-19,296306.5
2018-07-20,99796.62
2018-07-21,115144.14
2018-07-22,83258.04
2018-07-23,110457.9
2018-07-24,39086.75
2018-07-25,80736.93
2018-07-26,159143.31
2018-07-27,237624.03
2018-07-28,214792.78
2018-07-29,118500.93
2018-07-30,178938.69
2018-07-31,205776.34
2018-08-01,540565.4
2018-08-02,15149.21
2018-08-03,586471.62
2018-08-04,457505.01
2018-08-05,327927.39
2018-08-06,156170.06
2018-08-07,198380.67
2018-08-08,349307.33
2018-08-09,206758.32
2018-08-10,124729.6
2018-08-11,115557.2
2018-08-12,1377970.65
2018-08-13,197642.68
2018-08-14,416922.42
2018-08-15,199250.62
2018-08-16,121378.33
2018-08-17,238103.83
2018-08-18,77325.89
2018-08-19,85384.64
2018-08-20,322595.55
2018-08-21,82108.06
2018-08-22,84491.29
2018-08-23,142417.48
2018-08-24,294863.04
2018-08-25,351334.74
2018-08-26,248455.49
2018-08-27,613002.54
2018-08-28,133083.93
2018-08-29,238922.35
2018-08-30,414045.45
2018-08-31,249449.71
2018-09-01,820285.08
2018-09-02,126865.07
2018-09-03,675781.17
2018-09-04,101482.34
2018-09-05,300055.95
2018-09-06,158878.73
2018-09-07,326542.36
2018-09-08,254446.25
2018-09-09,58099.59
2018-09-10,101480.71
2018-09-11,140464.56
2018-09-12,1220524.99
2018-09-13,45829.01
2018-09-14,38058.53
2018-09-15,317133.71
2018-09-16,88212.54
2018-09-17,122011.15
2018-09-18,284601.04
2018-09-19,278550.32
2018-09-20,297438.22
2018-09-21,824001.01
2018-09-22,814921.36
2018-09-23,368841.32
2018-09-24,1029454.9
2018-09-25,347510.68
2018-09-26,669983.61
2018-09-27,479299.86
2018-09-28,544001.04
2018-09-29,181727.33
2018-09-30,246004.51
2018-10-01,161165.54
2018-10-02,108229.59
2018-10-03,270066.43
2018-10-04,563595.51
2018-10-05,316783.4
2018-10-06,115741.91
2018-10-07,57013.08
2018-10-08,512264.67
2018-10-09,137132.23
2018-10-10,279085.55
2018-10-11,397371.29
2018-10-12,1318347.23
2018-10-13,319601.19
2018-10-14,603786.42
2018-10-15,376095.99
2018-10-16,66239.68
2018-10-17,12008.86
2018-10-18,129350.69
2018-10-19,61648.69
2018-10-20,144203.79
2018-10-21,98507.93
2018-10-22,401405.56
2018-10-23,1220603.56
2018-10-24,987826.87
2018-10-25,1031469.77
2018-10-26,499786.02
2018-10-27,646654.88
2018-10-28,507723.68
2018-10-29,787990.79
2018-10-30,998062.1900000001
2018-10-31,600416.64
2018-11-01,37570.62
2018-11-02,663194.52
2018-11-03,276909.4
2018-11-04,507579.12
2018-11-05,128340.56999999999
2018-11-06,201787.84
2018-11-07,85946.61
2018-11-08,533948.05
2018-11-09,434140.16000000003
2018-11-10,647770.1
2018-11-11,544213.2
2018-11-12,867509.84
2018-11-13,486538.33999999997
2018-11-14,299414.91
2018-11-15,258396.38
2018-11-16,516469.97
2018-11-17,399626.57
2018-11-18,317928.44
2018-11-19,760609.14
2018-11-20,982958.59
2018-11-21,486440.41
2018-11-22,193869.41
2018-11-23,81182.64
2018-11-24,54064.08
2018-11-25,146493.78
2018-11-26,271382.17
2018-11-27,89221.69
2018-11-28,508495.23
2018-11-29,964956.75
2018-11-30,587216.28
2018-12-01,144781.04
2018-12-02,575079.88
2018-12-03,244492.67
2018-12-04,651154.49
2018-12-05,126028.24
2018-12-06,190800.34
2018-12-07,322983.36
2018-12-08,181237.58000000002
2018-12-09,367728.56
2018-12-10,326801.27
2018-12-11,553306.66
2018-12-12,279962.96
2018-12-13,166329.78
2018-12-14,147242.38999999998
2018-12-15,97010.63
2018-12-16,310694.1
2018-12-17,119237.75
2018-12-18,280917.58
2018-12-19,608791.33
2018-12-20,279613.09
2018-12-21,846277.97
2018-12-22,747292.17
2018-12-23,470980.88
2018-12-24,493981.8
2018-12-25,952055.95
2018-12-26,743809.79
2018-12-27,525518.6900000001
2018-12-28,438598.98
2018-12-29,651860.37
2018-12-30,1005581.92
2018-12-31,246297.78
2019-01-01,1296581.62
2019-01-02,375008.42
2019-01-03,158560.07
2019-01-04,375617.73
2019-01-05,501402.72
2019-01-06,149523.31
2019-01-07,438900.15
2019-01-08,53838.47
2019-01-09,420013.45
2019-01-10,630578.85
2019-01-11,543028.17
2019-01-12,79939.76
2019-01-13,1259027.18
2019-01-14,1385672.3
2019-01-15,1359921.88
2019-01-16,1016603.94
2019-01-17,1015179.53
2019-01-18,502405.84
2019-01-19,91737.16
2019-01-20,45582.43
2019-01-21,153183.33
2019-01-22,228494.26
2019-01-23,362328.35
2019-01-24,111606.31
2019-01-25,103806.22
2019-01-26,494378.19
2019-01-27,685899.0
2019-01-28,430911.86
2019-01-29,422768.13
2019-01-30,584094.25
2019-01-31,295910.65
2019-02-01,1185191.48
2019-02-02,144642.97
2019-02-03,205120.65
2019-02-04,660418.56
2019-02-05,732275.66
2019-02-06,151515.46
2019-02-07,660192.99
2019-02-08,31496.06
2019-02-09,251534.93
2019-02-10,421289.44
2019-02-11,682928.24
2019-02-12,522971.47
2019-02-13,760692.9
2019-02-14,263295.43
2019-02-15,164450.79
2019-02-16,507752.18
2019-02-17,198379.99
2019-02-18,265231.42
2019-02-19,815469.65
2019-02-20,529632.05
2019-02-21,655205.12
2019-02-22,470303.79
2019-02-23,186667.59
2019-02-24,139069.27
2019-02-25,281950.34
2019-02-26,216423.19
2019-02-27,305274.35
2019-02-28,723168.47
2019-03-01,573645.78
2019-03-02,376537.81
2019-03-03,1089792.75
2019-03-04,351332.55
2019-03-05,560931.16
2019-03-06,388574.4
2019-03-07,380956.0
2019-03-08,57948.16
2019-03-09,364094.59
2019-03-10,460514.75
2019-03-11,305681.58
2019-03-12,322505.96
2019-03-13,1285784.27
2019-03-14,1127056.03
2019-03-15,1238085.21
2019-03-16,978279.99
2019-03-17,974616.18
2019-03-18,1149168.66
2019-03-19,356224.82
2019-03-20,303127.77
2019-03-21,246795.5
2019-03-22,133051.49
2019-03-23,323270.77
2019-03-24,149554.15
2019-03-25,625549.87
2019-03-26,778700.65
2019-03-27,407096.59
2019-03-28,218147.56
2019-03-29,161183.54
2019-03-30,221499.48
2019-03-31,351602.7
2019-04-01,733785.34
2019-04-02,496274.95
2019-04-03,1319733.98
2019-04-04,464795.51
2019-04-05,281304.18
2019-04-06,107762.56
2019-04-07,395030.97000000003
2019-04-08,104644.19
2019-04-09,242892.08
2019-04-10,169633.52
2019-04-11,295623.96
2019-04-12,356323.36
2019-04-13,299945.77
2019-04-14,411098.67
2019-04-15,368770.17
2019-04-16,442991.25
2019-04-17,400740.69
2019-04-18,416922.34
2019-04-19,331886.63
2019-04-20,157156.63
2019-04-21,137450.83
2019-04-22,597309.02
2019-04-23,1136582.11
2019-04-24,704697.3
2019-04-25,341445.12
2019-04-26,578643.61
2019-04-27,318144.45
2019-04-28,196261.17
2019-04-29,541149.77
2019-04-30,288557.45
2019-05-01,701292.04
2019-05-02,608590.65
2019-05-03,1145616.32
2019-05-04,249227.85
2019-05-05,180145.82
2019-05-06,347143.06
2019-05-07,492082.31
2019-05-08,77961.0
2019-05-09,604272.09
2019-05-10,502642.83
2019-05-11,313713.6
2019-05-12,485815.67
2019-05-13,335236.52
2019-05-14,415350.97000000003
2019-05-15,402127.29
2019-05-16,385578.34
2019-05-17,123925.48
2019-05-18,235199.0
2019-05-19,192138.94
2019-05-20,197159.02
2019-05-21,167807.27
2019-05-22,724102.35
2019-05-23,168232.74
2019-05-24,212553.13
2019-05-25,245143.16
2019-05-26,463709.48
2019-05-27,376018.24
2019-05-28,135031.09
2019-05-29,196330.92
2019-05-30,346772.62
2019-05-31,221860.23
2019-06-01,106779.59
2019-06-02,442730.72000000003
2019-06-03,694050.51
2019-06-04,300191.49
2019-06-05,413243.64
2019-06-06,526637.96
2019-06-07,370108.22
2019-06-08,202503.52
2019-06-09,265582.41
2019-06-10,170394.33
2019-06-11,194722.65
2019-06-12,1161362.49
2019-06-13,141224.54
2019-06-14,238565.49
2019-06-15,650002.57
2019-06-16,183028.55
2019-06-17,49868.55
2019-06-18,248095.44
2019-06-19,214678.36
2019-06-20,185377.73
2019-06-21,109033.08
2019-06-22,230025.66
2019-06-23,250160.72
2019-06-24,238993.07
2019-06-25,263011.84
2019-06-26,406123.26
2019-06-27,524290.6
2019-06-28,124931.03
2019-06-29,66919.09
2019-06-30,418127.13
2019-07-01,491520.55
2019-07-02,678926.89
2019-07-03,1106552.17
2019-07-04,191389.56
2019-07-05,216816.99
2019-07-06,179722.75
2019-07-07,611078.7
2019-07-08,140016.29
2019-07-09,118696.35
2019-07-10,80503.65
2019-07-11,222754.82
2019-07-12,1201285.64
2019-07-13,212111.18
2019-07-14,160684.86
2019-07-15,204809.18
2019-07-16,389115.07
2019-07-17,109655.89
2019-07-18,57293.45
2019-07-19,138322.18
2019-07-20,161594.43
2019-07-21,315676.2
2019-07-22,115540.29
2019-07-23,121294.63
2019-07-24,85606.03
2019-07-25,175735.56
2019-07-26,363064.97
2019-07-27,546762.39
2019-07-28,277022.47
2019-07-29,166053.7
2019-07-30,120673.11
2019-07-31,125342.71
2019-08-01,1368134.99
2019-08-02,1003834.96
2019-08-03,1165525.4
2019-08-04,225087.47
2019-08-05,452181.01
2019-08-06,633005.23
2019-08-07,444856.67
2019-08-08,424808.29
2019-08-09,29578.95
2019-08-10,627577.2
2019-08-11,138835.98
2019-08-12,1145713.89
2019-08-13,412101.35
2019-08-14,197131.69
2019-08-15,385692.88
2019-08-16,243228.11
2019-08-17,444776.58999999997
2019-08-18,328717.79
2019-08-19,223451.74
2019-08-20,80187.31999999999
2019-08-21,99729.88
2019-08-22,103239.87
2019-08-23,132384.51
2019-08-24,177162.24
2019-08-25,264008.52
2019-08-26,148769.22
2019-08-27,153516.81
2019-08-28,159784.67
2019-08-29,114904.16
2019-08-30,41946.33
2019-08-31,190585.02
2019-09-01,1198207.91
2019-09-02,1299514.64
2019-09-03,1234453.47
2019-09-04,283231.44
2019-09-05,279195.25
2019-09-06,232558.22
2019-09-07,347422.74
2019-09-08,152625.21
2019-09-09,262232.01
2019-09-10,612459.58
2019-09-11,197624.63
2019-09-12,916314.47
2019-09-13,557425.72
2019-09-14,141663.4
2019-09-15,634811.91
2019-09-16,365512.04
2019-09-17,912795.67
2019-09-18,760363.31
2019-09-19,307167.43
2019-09-20,179658.43
2019-09-21,126993.5
2019-09-22,240604.92
2019-09-23,279184.34
2019-09-24,71834.46
2019-09-25,131993.13
2019-09-26,166836.64
2019-09-27,337800.47
2019-09-28,683748.78
2019-09-29,888827.64
2019-09-30,1171316.26
2019-10-01,328064.89
2019-10-02,1147787.21
2019-10-03,736611.68
2019-10-04,272700.69
2019-10-05,281736.33
2019-10-06,214895.06
2019-10-07,305085.72
2019-10-08,634974.58
2019-10-09,621188.5
2019-10-10,782472.35
2019-10-11,63080.94
2019-10-12,688684.95
2019-10-13,530724.31
2019-10-14,447047.23
2019-10-15,203587.66
2019-10-16,612397.58
2019-10-17,401037.69
2019-10-18,502535.24
2019-10-19,480386.63
2019-10-20,175157.99
2019-10-21,150244.83000000002
2019-10-22,154864.3
2019-10-23,145974.73
2019-10-24,243810.87
2019-10-25,590728.9
2019-10-26,923237.43
2019-10-27,884494.61
2019-10-28,469000.14
2019-10-29,137708.21
2019-10-30,43169.73
2019-10-31,106396.12
2019-11-01,678067.9
2019-11-02,1283358.39
2019-11-03,784018.21
2019-11-04,275315.55
2019-11-05,236823.97
2019-11-06,189746.55
2019-11-07,72483.65
2019-11-08,407062.18
2019-11-09,363392.07
2019-11-10,1088357.61
2019-11-11,382877.09
2019-11-12,639725.47
2019-11-13,234495.44
2019-11-14,349543.34
2019-11-15,697090.62
2019-11-16,512174.37
2019-11-17,405290.82
2019-11-18,528613.51
2019-11-19,660879.77
2019-11-20,41219.479999999996
2019-11-21,150741.15
2019-11-22,269819.19
2019-11-23,625560.92
2019-11-24,322515.25
2019-11-25,101172.86
2019-11-26,192038.89
2019-11-27,604563.1
2019-11-28,1172235.42
2019-11-29,1030927.05
2019-11-30,346319.27
2019-12-01,926234.8
2019-12-02,749080.32
2019-12-03,725436.92
2019-12-04,237262.29
2019-12-05,516989.35
2019-12-06,328132.17
2019-12-07,65417.41
2019-12-08,216372.85
2019-12-09,348203.49
2019-12-10,845704.4
2019-12-11,507513.91
2019-12-12,333771.28
2019-12-13,623456.5
2019-12-14,922722.39
2019-12-15,1143741.12
2019-12-16,528737.97
2019-12-17,694594.26
2019-12-18,535709.44
2019-12-19,500046.4
2019-12-20,537806.31
2019-12-21,378347.69
2019-12-22,364991.48
2019-12-23,612028.16
2019-12-24,483636.69
2019-12-25,302730.74
2019-12-26,260753.76
2019-12-27,161109.74
2019-12-28,84807.81
2019-12-29,310595.95
2019-12-30,984078.52
2019-12-31,847790.04
2020-01-01,345696.75
2020-01-02,1104208.66
2020-01-03,908360.9400000001
2020-01-04,475223.92
2020-01-05,480664.46
2020-01-06,289966.2
2020-01-07,441356.24
2020-01-08,184471.11
2020-01-09,132828.11
2020-01-10,146419.78
2020-01-11,571030.86
2020-01-12,184038.72
2020-01-13,544329.77
2020-01-14,1154523.54
2020-01-15,1145581.39
2020-01-16,474888.95
2020-01-17,648668.3
2020-01-18,610568.53
2020-01-19,193458.2
2020-01-20,229425.26
2020-01-21,584815.63
2020-01-22,495721.95
2020-01-23,152947.33
2020-01-24,301168.16
2020-01-25,182586.61
2020-01-26,138468.12
2020-01-27,579913.87
2020-01-28,967696.0
2020-01-29,1173466.46
2020-01-30,1129116.06
2020-01-31,1142441.48
2020-02-01,498459.52999999997
2020-02-02,796913.16
2020-02-03,349275.5
2020-02-04,607543.73
2020-02-05,373690.43
2020-02-06,185034.15
2020-02-07,237223.4
2020-02-08,115051.49
2020-02-09,165431.05
2020-02-10,496244.66000000003
2020-02-11,956531.65
2020-02-12,152537.27
2020-02-13,743097.9400000001
2020-02-14,206918.29
2020-02-15,753225.76
2020-02-16,1334622.78
2020-02-17,1133593.96
2020-02-18,1221980.8
2020-02-19,1082028.79
2020-02-20,786884.1
2020-02-21,1176524.03
2020-02-22,1353680.85
2020-02-23,1102154.06
2020-02-24,846528.82
2020-02-25,1084229.85
2020-02-26,586467.6
2020-02-27,291200.66
2020-02-28,721302.07
2020-02-29,1031184.76
2020-03-01,997829.99
2020-03-02,634760.68
2020-03-03,340440.22
2020-03-04,719121.9
2020-03-05,287070.2
2020-03-06,124171.87
2020-03-07,232767.28
2020-03-08,139541.83
2020-03-09,327196.0
2020-03-10,686213.23
2020-03-11,422440.21
2020-03-12,553003.45
2020-03-13,1221149.85
2020-03-14,259545.93
2020-03-15,907883.65
2020-03-16,346922.84
2020-03-17,196630.34
2020-03-18,506520.58
2020-03-19,113250.38
2020-03-20,194578.64
2020-03-21,692021.9400000001
2020-03-22,490257.22
2020-03-23,261050.78
2020-03-24,339233.4
2020-03-25,523068.77
2020-03-26,539121.34
2020-03-27,417055.46
2020-03-28,300260.39
2020-03-29,756072.38
2020-03-30,290686.09
2020-03-31,149985.08
2020-04-01,1227945.66
2020-04-02,937552.12
2020-04-03,370032.3
2020-04-04,114424.61
2020-04-05,126506.29000000001
2020-04-06,289989.66
2020-04-07,653110.26
2020-04-08,120180.23
2020-04-09,408816.04
2020-04-10,384619.46
2020-04-11,494824.96
2020-04-12,641568.46
2020-04-13,682180.88
2020-04-14,539759.26
2020-04-15,597233.36
2020-04-16,312104.35
2020-04-17,100226.67
2020-04-18,207507.74
2020-04-19,482349.44
2020-04-20,616754.14
2020-04-21,801813.28
2020-04-22,501645.39
2020-04-23,138221.2
2020-04-24,402786.47
2020-04-25,354656.49
2020-04-26,58079.96
2020-04-27,79752.79
2020-04-28,167072.32
2020-04-29,225846.88999999998
2020-04-30,432271.41
2020-05-01,438027.47
2020-05-02,712678.43
2020-05-03,374305.36
2020-05-04,535751.61
2020-05-05,372696.85
2020-05-06,462808.38
2020-05-07,782000.56
2020-05-08,115774.69
2020-05-09,221982.85
2020-05-10,342385.27
2020-05-11,479450.34
2020-05-12,375383.94
2020-05-13,122286.14
2020-05-14,180150.96
2020-05-15,317356.41
2020-05-16,438776.33
2020-05-17,446079.31
2020-05-18,388580.58
2020-05-19,342118.34
2020-05-20,83525.99
2020-05-21,78092.29
2020-05-22,370623.42
2020-05-23,416588.8
2020-05-24,628521.93
2020-05-25,524226.95
2020-05-26,84516.73
2020-05-27,121945.44
2020-05-28,356698.7
2020-05-29,173795.08
2020-05-30,409450.01
2020-05-31,508388.96
2020-06-01,393351.9
2020-06-02,628946.63
2020-06-03,526793.15
2020-06-04,563603.84
2020-06-05,473873.58
2020-06-06,637548.15
2020-06-07,866821.6
2020-06-08,177934.95
2020-06-09,278527.42
2020-06-10,677037.7
2020-06-11,219468.62
2020-06-12,555047.36
2020-06-13,368251.27
2020-06-14,340080.48
2020-06-15,141117.17
2020-06-16,50750.65
2020-06-17,78171.6
2020-06-18,204127.28
2020-06-19,225768.51
2020-06-20,588207.69
2020-06-21,270559.06
2020-06-22,279733.33
2020-06-23,190156.29
2020-06-24,120806.96
2020-06-25,269406.87
2020-06-26,174736.93
2020-06-27,150003.1
2020-06-28,282214.34
2020-06-29,134541.83
2020-06-30,737285.64
2020-07-01,504348.63
2020-07-02,132450.61
2020-07-03,643917.82
2020-07-04,325510.42
2020-07-05,305255.46
2020-07-06,229035.24
2020-07-07,458805.21
2020-07-08,118261.38
2020-07-09,165320.44
2020-07-10,494597.45
2020-07-11,137699.67
2020-07-12,603975.72
2020-07-13,74574.36
2020-07-14,163016.76
2020-07-15,66073.43
2020-07-16,117986.82
2020-07-17,141693.42
2020-07-18,20543.16
2020-07-19,57419.15
2020-07-20,227902.63
2020-07-21,242281.71
2020-07-22,158811.84
2020-07-23,50279.85
2020-07-24,407875.54
2020-07-25,98974.78
2020-07-26,266810.73
2020-07-27,99881.44
2020-07-28,585682.91
2020-07-29,503976.22
2020-07-30,261445.16
2020-07-31,127937.15
2020-08-01,842096.83
2020-08-02,489952.08
2020-08-03,598715.82
2020-08-04,192684.38
2020-08-05,124895.63
2020-08-06,54632.68
2020-08-07,209709.88
2020-08-08,79052.76
2020-08-09,586401.72
2020-08-10,790467.32
2020-08-11,76459.71
2020-08-12,235599.54
2020-08-13,176284.21
2020-08-14,82641.4
2020-08-15,56132.57
2020-08-16,210925.8
2020-08-17,221314.48
2020-08-18,98521.04
2020-08-19,57835.98
2020-08-20,156617.67
2020-08-21,201884.16
2020-08-22,303181.06
2020-08-23,533579.76
2020-08-24,339108.33
2020-08-25,241298.07
2020-08-26,1164807.36
2020-08-27,670891.23
2020-08-28,303600.86
2020-08-29,219441.16
2020-08-30,103047.26
2020-08-31,184002.56
2020-09-01,567955.39
2020-09-02,1105032.56
2020-09-03,318999.55
2020-09-04,294024.96
2020-09-05,87881.36
2020-09-06,106677.34
2020-09-07,202177.66999999998
2020-09-08,125028.03
2020-09-09,423807.57
2020-09-10,350158.37
2020-09-11,132735.21
2020-09-12,205268.02
2020-09-13,268432.57
2020-09-14,106262.57
2020-09-15,175760.74
2020-09-16,240771.64
2020-09-17,362360.85
2020-09-18,149872.63
2020-09-19,200599.65
2020-09-20,202912.76
2020-09-21,87716.19
2020-09-22,87598.24
2020-09-23,118128.94
2020-09-24,446925.82
2020-09-25,260750.49
2020-09-26,479902.21
2020-09-27,154151.2
2020-09-28,100671.06
2020-09-29,33259.57
2020-09-30,29731.52
2020-10-01,845021.6799999999
2020-10-02,1345754.6
2020-10-03,1106009.86
2020-10-04,103687.33
2020-10-05,228178.85
2020-10-06,210297.95
2020-10-07,475236.48
2020-10-08,180785.76
2020-10-09,276055.32
2020-10-10,442116.13
2020-10-11,126192.4
2020-10-12,93929.45
2020-10-13,160673.78
2020-10-14,1118672.59
2020-10-15,675005.06
2020-10-16,302402.9
2020-10-17,92882.99
2020-10-18,678276.55
2020-10-19,270018.54
2020-10-20,586060.56
2020-10-21,671836.33
2020-10-22,845141.52
2020-10-23,317247.96
2020-10-24,522784.54
2020-10-25,713933.02
2020-10-26,229522.77
2020-10-27,659509.48
2020-10-28,777486.43
2020-10-29,846079.98
2020-10-30,653521.87
2020-10-31,283916.46
2020-11-01,559521.77
2020-11-02,1391173.86
2020-11-03,876645.65
2020-11-04,59900.52
2020-11-05,681271.49
2020-11-06,187176.38
2020-11-07,302753.5
2020-11-08,302311.04
2020-11-09,60226.4
2020-11-10,311165.81
2020-11-11,63476.25
2020-11-12,272006.47
2020-11-13,294087.43
2020-11-14,327671.67
2020-11-15,791313.26
2020-11-16,722419.65
2020-11-17,692760.04
2020-11-18,615453.68
2020-11-19,1114588.03
2020-11-20,506500.37
2020-11-21,897656.68
2020-11-22,899972.08
2020-11-23,678299.92
2020-11-24,466139.32
2020-11-25,262456.83
2020-11-26,363666.16
2020-11-27,39047.79
2020-11-28,70248.36
2020-11-29,124239.48
2020-11-30,229883.65
2020-12-01,1035803.42
2020-12-02,1363650.77
2020-12-03,1231561.8
2020-12-04,288393.25
2020-12-05,425493.97
2020-12-06,197427.47
2020-12-07,218976.74
2020-12-08,281258.77
2020-12-09,381964.4
2020-12-10,98842.76
2020-12-11,280171.75
2020-12-12,265170.36
2020-12-13,47035.67
2020-12-14,479749.0
2020-12-15,433269.93
2020-12-16,211708.13
2020-12-17,643542.68
2020-12-18,467738.58
2020-12-19,613657.04
2020-12-20,411757.6
2020-12-21,528694.96
2020-12-22,984911.03
2020-12-23,237413.61
2020-12-24,705689.29
2020-12-25,337721.39
2020-12-26,617435.97
2020-12-27,1324963.69
2020-12-28,558676.81
2020-12-29,483128.21
2020-12-30,591424.77
2020-12-31,392644.13
2021-01-01,99491.84
2021-01-02,409032.21
2021-01-03,51662.83
2021-01-04,369562.52999999997
2021-01-05,84374.73
2021-01-06,133032.63
2021-01-07,465079.85
2021-01-08,202019.49
2021-01-09,247260.92
2021-01-10,622492.36
2021-01-11,438457.21
2021-01-12,1190286.57
2021-01-13,1167815.46
2021-01-14,576845.58
2021-01-15,290432.54
2021-01-16,227470.93
2021-01-17,68416.78
2021-01-18,462821.36
2021-01-19,898902.4
2021-01-20,1071326.65
2021-01-21,1220299.68
2021-01-22,854064.09
2021-01-23,160744.1
2021-01-24,114075.52
2021-01-25,163992.08
2021-01-26,394256.97
2021-01-27,355111.05
2021-01-28,360730.98
2021-01-29,242131.06
2021-01-30,194841.41999999998
2021-01-31,266594.15
2021-02-01,86909.41
2021-02-02,200654.06
2021-02-03,42223.07
2021-02-04,435870.75
2021-02-05,326186.11
2021-02-06,277177.78
2021-02-07,266340.58
2021-02-08,390782.81
2021-02-09,100679.31
2021-02-10,450441.72
2021-02-11,84922.57
2021-02-12,896669.37
2021-02-13,162695.18
2021-02-14,139699.75
2021-02-15,654338.34
2021-02-16,297687.67
2021-02-17,698849.52
2021-02-18,508754.31
2021-02-19,588606.95
2021-02-20,481566.04
2021-02-21,475568.46
2021-02-22,285723.85
2021-02-23,436752.52
2021-02-24,547328.67
2021-02-25,423507.77
2021-02-26,476960.62
2021-02-27,330480.55
2021-02-28,185775.79
2021-03-01,601714.72
2021-03-02,573097.79
2021-03-03,246489.9
2021-03-04,530506.12
2021-03-05,506988.51
2021-03-06,393384.16
2021-03-07,106198.75
2021-03-08,72733.03
2021-03-09,175448.34
2021-03-10,887675.78
2021-03-11,108500.33
2021-03-12,1048205.82
2021-03-13,1264403.62
2021-03-14,1049937.82
2021-03-15,648121.65
2021-03-16,556467.59
2021-03-17,132655.5
2021-03-18,74802.44
2021-03-19,397023.22
2021-03-20,368752.75
2021-03-21,898749.93
2021-03-22,301898.05
2021-03-23,227771.18
2021-03-24,173014.96
2021-03-25,91582.15
2021-03-26,204658.3
2021-03-27,910586.66
2021-03-28,638389.14
2021-03-29,672654.73
2021-03-30,269139.27
2021-03-31,58057.1
2021-04-01,339104.65
2021-04-02,324457.27
2021-04-03,279536.55
2021-04-04,366631.99
2021-04-05,1192659.04
2021-04-06,198631.64
2021-04-07,51192.57
2021-04-08,53121.72
2021-04-09,91777.21
2021-04-10,161914.5
2021-04-11,765072.06
2021-04-12,355706.68
2021-04-13,431851.05
2021-04-14,263827.53
2021-04-15,390236.15
2021-04-16,376958.52
2021-04-17,212809.32
2021-04-18,97242.55
2021-04-19,114665.78
2021-04-20,105567.65
2021-04-21,414198.68
2021-04-22,862457.08
2021-04-23,518113.29
2021-04-24,206777.24
2021-04-25,256943.66
2021-04-26,115987.62
2021-04-27,284662.98
2021-04-28,327622.81
2021-04-29,461119.51
2021-04-30,308210.19
2021-05-01,335304.89
2021-05-02,377573.3
2021-05-03,229735.32
2021-05-04,1094606.07
2021-05-05,1283542.18
2021-05-06,159562.74
2021-05-07,150855.01
2021-05-08,122287.77
2021-05-09,176754.59
2021-05-10,220370.62
2021-05-11,735642.46
2021-05-12,264495.8
2021-05-13,280426.52
2021-05-14,213476.85
2021-05-15,234353.91
2021-05-16,239453.48
2021-05-17,189595.07
2021-05-18,240761.86000000002
2021-05-19,152818.32
2021-05-20,210660.91
2021-05-21,663581.53
2021-05-22,741222.38
2021-05-23,504620.92
2021-05-24,449478.4
2021-05-25,641566.96
2021-05-26,566853.39
2021-05-27,535365.02
2021-05-28,247767.17
2021-05-29,280018.31
2021-05-30,180306.01
2021-05-31,73487.96
2021-06-01,281024.55
2021-06-02,850103.39
2021-06-03,383167.7
2021-06-04,815146.31
2021-06-05,644401.47
2021-06-06,128619.77
2021-06-07,286008.84
2021-06-08,184292.87
2021-06-09,77820.3
2021-06-10,294649.74
2021-06-11,833364.31
2021-06-12,154461.85
2021-06-13,536042.99
2021-06-14,66633.15
2021-06-15,111607.89
2021-06-16,144404.68
2021-06-17,350109.4
2021-06-18,298348.63
2021-06-19,182815.69
2021-06-20,269524.17
2021-06-21,266251.84
2021-06-22,173067.51
2021-06-23,55172.96
2021-06-24,41525.03
2021-06-25,29549.0
2021-06-26,36212.54
2021-06-27,31056.5
2021-06-28,70050.59
2021-06-29,123945.56
2021-06-30,354269.97
2021-07-01,215295.5
2021-07-02,1259847.75
2021-07-03,612924.83
2021-07-04,913063.07
2021-07-05,409466.56
2021-07-06,94274.92
2021-07-07,119861.71
2021-07-08,244345.89
2021-07-09,27209.27
2021-07-10,39354.96
2021-07-11,1123301.52
2021-07-12,423941.55
2021-07-13,155950.87
2021-07-14,203206.39
2021-07-15,38105.84
2021-07-16,170481.77
2021-07-17,358410.57
2021-07-18,392219.41
2021-07-19,235942.26
2021-07-20,137912.18
2021-07-21,96299.47
2021-07-22,39586.2
2021-07-23,35393.55
2021-07-24,232691.01
2021-07-25,282280.48
2021-07-26,105100.0
2021-07-27,199837.36
2021-07-28,239781.97
2021-07-29,698206.02
2021-07-30,439118.73
2021-07-31,723995.44
2021-08-01,99694.4
2021-08-02,635896.56
2021-08-03,97510.54
2021-08-04,887958.78
2021-08-05,323086.97
2021-08-06,112162.27
2021-08-07,102444.16
2021-08-08,550440.47
2021-08-09,80549.68
2021-08-10,183566.36
2021-08-11,477327.0
2021-08-12,726341.31
2021-08-13,178104.65
2021-08-14,292452.56
2021-08-15,187935.58
2021-08-16,667445.23
2021-08-17,1133708.09
2021-08-18,735133.35
2021-08-19,494280.85
2021-08-20,141190.67
2021-08-21,52988.08
2021-08-22,207741.25
2021-08-23,517595.31
2021-08-24,280403.62
2021-08-25,439587.93
2021-08-26,451645.32
2021-08-27,247422.01
2021-08-28,104187.95
2021-08-29,206670.26
2021-08-30,403287.26
2021-08-31,453602.36
2021-09-01,133978.54
2021-09-02,108061.77
2021-09-03,95932.75
2021-09-04,739150.13
2021-09-05,612386.21
2021-09-06,54866.11
2021-09-07,373524.37
2021-09-08,326804.11
2021-09-09,178485.41
2021-09-10,312941.58
2021-09-11,248908.45
2021-09-12,108803.92
2021-09-13,115208.97
2021-09-14,118196.6
2021-09-15,288607.77
2021-09-16,359787.74
2021-09-17,364637.26
2021-09-18,254853.89
2021-09-19,161044.78
2021-09-20,79245.12
2021-09-21,196561.69
2021-09-22,305871.22
2021-09-23,973090.32
2021-09-24,764644.41
2021-09-25,310449.1
2021-09-26,185091.0
2021-09-27,230324.55
2021-09-28,136042.71
2021-09-29,343466.33
2021-09-30,780454.3
2021-10-01,247849.3
2021-10-02,173817.79
2021-10-03,265397.76
2021-10-04,121618.6
2021-10-05,471798.11
2021-10-06,70454.65
2021-10-07,337017.18
2021-10-08,181904.34
2021-10-09,130988.88
2021-10-10,226038.37
2021-10-11,212481.92
2021-10-12,58511.159999999996
2021-10-13,308558.96
2021-10-14,493616.12
2021-10-15,842780.87
2021-10-16,312444.11
2021-10-17,264087.57
2021-10-18,200579.63
2021-10-19,503169.57
2021-10-20,1150684.51
2021-10-21,1363795.33
2021-10-22,1343520.95
2021-10-23,685578.6
2021-10-24,328746.32
2021-10-25,415030.53
2021-10-26,472218.84
2021-10-27,605954.32
2021-10-28,379437.9
2021-10-29,454557.46
2021-10-30,530301.11
2021-10-31,645206.3099999999
2021-11-01,837151.1
2021-11-02,253157.93
2021-11-03,1270671.39
2021-11-04,509340.06
2021-11-05,290387.77
2021-11-06,86798.41
2021-11-07,160347.04
2021-11-08,116595.15
2021-11-09,128541.47
2021-11-10,448260.61
2021-11-11,119359.18000000001
2021-11-12,170161.24
2021-11-13,189209.13
2021-11-14,123357.04000000001
2021-11-15,170618.58
2021-11-16,59698.13
2021-11-17,422296.72
2021-11-18,997053.82
2021-11-19,1139307.45
2021-11-20,754160.29
2021-11-21,394548.91
2021-11-22,303849.78
2021-11-23,449636.97
2021-11-24,211570.15
2021-11-25,362015.51
2021-11-26,350860.26
2021-11-27,284407.13
2021-11-28,115319.83
2021-11-29,277580.47000000003
2021-11-30,1175113.49
2021-12-01,947355.37
2021-12-02,208229.13
2021-12-03,1245331.0
2021-12-04,337567.8
2021-12-05,265822.67
2021-12-06,623197.42
2021-12-07,165065.59
2021-12-08,60397.64
2021-12-09,194814.58
2021-12-10,542571.21
2021-12-11,195648.28
2021-12-12,474272.18
2021-12-13,236511.47
2021-12-14,315627.84
2021-12-15,485576.55
2021-12-16,555529.13
2021-12-17,335908.9
2021-12-18,479536.68
2021-12-19,1094411.69
2021-12-20,399710.14
2021-12-21,26150.96
2021-12-22,134131.81
2021-12-23,411427.38
2021-12-24,730216.95
2021-12-25,169045.38
2021-12-26,294921.35
2021-12-27,603998.08
2021-12-28,659450.45
2021-12-29,241640.15
2021-12-30,220220.08000000002
